01Source,02Language,03GroupType,04GroupSubType,05SourceCategory,06Title,07AccommType,08AccommSubType,09VacationType,10AdvertCode,11URLLink,12PictureURL,13Stars,14LocationDesc,15Country,16Region,17Subregion,18Island,19City,20PriceOld,21PriceFrom,22PriceDesc,23Date1,24Date2,25DateDesc,26DaysNum,27Description,28Activities,29Facilities,30Beach,31BeachDistanceM,32DistanceFromCentreM,33PetsDesc,34InfoDesc
www.generalturist.com,hrvatski,Aranžmani s prijevozom,Karnevali,http://www.generalturist.com/hr/Putovanja/Karnevali.aspx,Karneval u Veneciji- 3 dana autobusom,Karneval u Veneciji- 3 dana autobusom,dvokrevetna soba,Karneval u Veneciji- 3 dana autobusom,http://www.generalturist.com/hr/Putovanja/KARNEVAL-U-VENECIJI-3-dana-autobusom.aspx,http://www.generalturist.com/hr/Putovanja/KARNEVAL-U-VENECIJI-3-dana-autobusom.aspx?tabId=raspolozivost&idAranzmanPolazak=9155,http://www.generalturist.com/FotoGalerija/Formati/304_Mala_Karneval-u-Veneciji-trodnevni-aranzman.JPG,,,,,,,,"1.050,00 kn",,po osobi,25.02.,04.03.,.,25.02.,Karneval u Veneciji- 3 dana autobusom,Karneval u Veneciji- 3 dana autobusom,Karneval u Veneciji- 3 dana autobusom,Karneval u Veneciji- 3 dana autobusom,Karneval u Veneciji- 3 dana autobusom,Karneval u Veneciji- 3 dana autobusom,Karneval u Veneciji- 3 dana autobusom,Karneval u Veneciji- 3 dana autobusom
www.generalturist.com,hrvatski,Aranžmani s prijevozom,Karnevali,http://www.generalturist.com/hr/Putovanja/Karnevali.aspx,Karneval u Veneciji - 2 dana autobusom,Karneval u Veneciji - 2 dana autobusom,dvokrevetna soba,Karneval u Veneciji - 2 dana autobusom,http://www.generalturist.com/hr/Putovanja/KARNEVAL-U-VENECIJI-2-dana-autobusom.aspx,http://www.generalturist.com/hr/Putovanja/KARNEVAL-U-VENECIJI-2-dana-autobusom.aspx?tabId=raspolozivost&idAranzmanPolazak=9153,http://www.generalturist.com/FotoGalerija/Formati/300_Mala_Karneval-u-Veneciji-dvodnevni-aranzman.JPG,,,,,,,,"690,00 kn",,po osobi,26.02.,05.03.,.,26.02.,Karneval u Veneciji - 2 dana autobusom,Karneval u Veneciji - 2 dana autobusom,Karneval u Veneciji - 2 dana autobusom,Karneval u Veneciji - 2 dana autobusom,Karneval u Veneciji - 2 dana autobusom,Karneval u Veneciji - 2 dana autobusom,Karneval u Veneciji - 2 dana autobusom,Karneval u Veneciji - 2 dana autobusom
www.generalturist.com,hrvatski,Aranžmani s prijevozom,Karnevali,http://www.generalturist.com/hr/Putovanja/Karnevali.aspx,Karneval u Rijeci,Karneval u Rijeci,polasci: Zagreb,Karneval u Rijeci,http://www.generalturist.com/hr/Putovanja/Karneval-u-Rijeci.aspx,http://www.generalturist.com/hr/Putovanja/Karneval-u-Rijeci.aspx?tabId=raspolozivost&idAranzmanPolazak=9144,http://www.generalturist.com/FotoGalerija/Formati/2266_Mala_Karneval-u-Rijeci.JPG,,,,,,,,,,,,,,,Karneval u Rijeci,Karneval u Rijeci,Karneval u Rijeci,Karneval u Rijeci,Karneval u Rijeci,Karneval u Rijeci,Karneval u Rijeci,Karneval u Rijeci
www.generalturist.com,hrvatski,Aranžmani s prijevozom,Europska putovanja,http://www.generalturist.com/hr/Putovanja/Europska-putovanja.aspx,Karneval u Veneciji- 3 dana autobusom,Karneval u Veneciji- 3 dana autobusom,dvokrevetna soba,Karneval u Veneciji- 3 dana autobusom,http://www.generalturist.com/hr/Putovanja/KARNEVAL-U-VENECIJI-3-dana-autobusom.aspx,http://www.generalturist.com/hr/Putovanja/KARNEVAL-U-VENECIJI-3-dana-autobusom.aspx?tabId=raspolozivost&idAranzmanPolazak=9155,http://www.generalturist.com/FotoGalerija/Formati/304_Mala_Karneval-u-Veneciji-trodnevni-aranzman.JPG,,,,,,,,"1.050,00 kn",,po osobi,25.02.,04.03.,.,25.02.,Karneval u Veneciji- 3 dana autobusom,Karneval u Veneciji- 3 dana autobusom,Karneval u Veneciji- 3 dana autobusom,Karneval u Veneciji- 3 dana autobusom,Karneval u Veneciji- 3 dana autobusom,Karneval u Veneciji- 3 dana autobusom,Karneval u Veneciji- 3 dana autobusom,Karneval u Veneciji- 3 dana autobusom
www.generalturist.com,hrvatski,Aranžmani s prijevozom,Europska putovanja,http://www.generalturist.com/hr/Putovanja/Europska-putovanja.aspx,Rim - 4 dana zrakoplovom,Rim - 4 dana zrakoplovom,dvokrevetna soba + 1 dodatni ležaj,Rim - 4 dana zrakoplovom,http://www.generalturist.com/hr/Putovanja/Rim-4-dana-zrakoplovom.aspx,http://www.generalturist.com/hr/Putovanja/Rim-4-dana-zrakoplovom.aspx?tabId=raspolozivost&idAranzmanPolazak=9160,http://www.generalturist.com/FotoGalerija/Formati/245_Mala_Rim-4-dana-zrakoplovom.JPG,,,,,,,,"2.890,00 kn",,po osobi,17.03.,,,17.03.,Rim - 4 dana zrakoplovom,Rim - 4 dana zrakoplovom,Rim - 4 dana zrakoplovom,Rim - 4 dana zrakoplovom,Rim - 4 dana zrakoplovom,Rim - 4 dana zrakoplovom,Rim - 4 dana zrakoplovom,Rim - 4 dana zrakoplovom
www.generalturist.com,hrvatski,Aranžmani s prijevozom,Europska putovanja,http://www.generalturist.com/hr/Putovanja/Europska-putovanja.aspx,Karneval u Veneciji - 2 dana autobusom,Karneval u Veneciji - 2 dana autobusom,dvokrevetna soba,Karneval u Veneciji - 2 dana autobusom,http://www.generalturist.com/hr/Putovanja/KARNEVAL-U-VENECIJI-2-dana-autobusom.aspx,http://www.generalturist.com/hr/Putovanja/KARNEVAL-U-VENECIJI-2-dana-autobusom.aspx?tabId=raspolozivost&idAranzmanPolazak=9153,http://www.generalturist.com/FotoGalerija/Formati/300_Mala_Karneval-u-Veneciji-dvodnevni-aranzman.JPG,,,,,,,,"690,00 kn",,po osobi,26.02.,05.03.,.,26.02.,Karneval u Veneciji - 2 dana autobusom,Karneval u Veneciji - 2 dana autobusom,Karneval u Veneciji - 2 dana autobusom,Karneval u Veneciji - 2 dana autobusom,Karneval u Veneciji - 2 dana autobusom,Karneval u Veneciji - 2 dana autobusom,Karneval u Veneciji - 2 dana autobusom,Karneval u Veneciji - 2 dana autobusom
www.generalturist.com,hrvatski,Aranžmani s prijevozom,Europska putovanja,http://www.generalturist.com/hr/Putovanja/Europska-putovanja.aspx,Pariz - 4 dana zrakoplovom,Pariz - 4 dana zrakoplovom,dvokrevetna soba + 1 dodatni ležaj,Pariz - 4 dana zrakoplovom,http://www.generalturist.com/hr/Putovanja/Pariz-4-dana-zrakoplovom.aspx,http://www.generalturist.com/hr/Putovanja/Pariz-4-dana-zrakoplovom.aspx?tabId=raspolozivost&idAranzmanPolazak=9165,http://www.generalturist.com/FotoGalerija/Formati/229_Mala_PARIZ-4-dana-zrakoplovom.JPG,,,,,,,,"3.190,00 kn",,po osobi,03.03.,31.03.,,03.03.,Pariz - 4 dana zrakoplovom,Pariz - 4 dana zrakoplovom,Pariz - 4 dana zrakoplovom,Pariz - 4 dana zrakoplovom,Pariz - 4 dana zrakoplovom,Pariz - 4 dana zrakoplovom,Pariz - 4 dana zrakoplovom,Pariz - 4 dana zrakoplovom
www.generalturist.com,hrvatski,Aranžmani s prijevozom,Europska putovanja,http://www.generalturist.com/hr/Putovanja/Europska-putovanja.aspx,Toskana - 4 dana autobusom,Toskana - 4 dana autobusom,dvokrevetna soba + 1 dodatni ležaj Hotel 3*,Toskana - 4 dana autobusom,http://www.generalturist.com/hr/Putovanja/Toskana-4-dana-autobusom.aspx,http://www.generalturist.com/hr/Putovanja/Toskana-4-dana-autobusom.aspx?tabId=raspolozivost&idAranzmanPolazak=9173,http://www.generalturist.com/FotoGalerija/Formati/224_Mala_TOSKANA-4-dana-autobusom.JPG,,,,,,,,"1.550,00 kn",,po osobi,03.03.,,,03.03.,Toskana - 4 dana autobusom,Toskana - 4 dana autobusom,Toskana - 4 dana autobusom,Toskana - 4 dana autobusom,Toskana - 4 dana autobusom,Toskana - 4 dana autobusom,Toskana - 4 dana autobusom,Toskana - 4 dana autobusom
www.generalturist.com,hrvatski,Aranžmani s prijevozom,Europska putovanja,http://www.generalturist.com/hr/Putovanja/Europska-putovanja.aspx,"Venecija, 3 dana autobusom, polazak iz Splita","Venecija, 3 dana autobusom, polazak iz Splita",dvokrevetna soba + 1 dodatni ležaj,"Venecija, 3 dana autobusom, polazak iz Splita",http://www.generalturist.com/hr/Putovanja/Venecija-3-dana-autobusom-polasci-iz-Splita-Sibenika-Zadra.aspx,http://www.generalturist.com/hr/Putovanja/Venecija-3-dana-autobusom-polasci-iz-Splita-Sibenika-Zadra.aspx?tabId=raspolozivost&idAranzmanPolazak=9180,http://www.generalturist.com/FotoGalerija/Formati/2491_Mala_VENECIJA-3-dana-autobusom-polasci-iz-Splita-Sibeni.JPG,,,,,,,,"1.290,00 kn",,po osobi,04.03.,,,04.03.,"Venecija, 3 dana autobusom, polazak iz Splita","Venecija, 3 dana autobusom, polazak iz Splita","Venecija, 3 dana autobusom, polazak iz Splita","Venecija, 3 dana autobusom, polazak iz Splita","Venecija, 3 dana autobusom, polazak iz Splita","Venecija, 3 dana autobusom, polazak iz Splita","Venecija, 3 dana autobusom, polazak iz Splita","Venecija, 3 dana autobusom, polazak iz Splita"
www.generalturist.com,hrvatski,Aranžmani s prijevozom,Europska putovanja,http://www.generalturist.com/hr/Putovanja/Europska-putovanja.aspx,Rim - 4 dana autobusom,Rim - 4 dana autobusom,dvokrevetna soba + 1 dodatni ležaj Hotel 3*,Rim - 4 dana autobusom,http://www.generalturist.com/hr/Putovanja/Rim-4-dana-autobusom.aspx,http://www.generalturist.com/hr/Putovanja/Rim-4-dana-autobusom.aspx?tabId=raspolozivost&idAranzmanPolazak=9175,http://www.generalturist.com/FotoGalerija/Formati/220_Mala_RIM-4-dana-autobusom.JPG,,,,,,,,"1.690,00 kn",,po osobi,10.03.,19.05.,,10.03.,Rim - 4 dana autobusom,Rim - 4 dana autobusom,Rim - 4 dana autobusom,Rim - 4 dana autobusom,Rim - 4 dana autobusom,Rim - 4 dana autobusom,Rim - 4 dana autobusom,Rim - 4 dana autobusom
www.generalturist.com,hrvatski,Aranžmani s prijevozom,Europska putovanja,http://www.generalturist.com/hr/Putovanja/Europska-putovanja.aspx,Sarajevo - 3 dana autobusom,Sarajevo - 3 dana autobusom,dvokrevetna soba,Sarajevo - 3 dana autobusom,http://www.generalturist.com/hr/Putovanja/Sarajevo-3-dana-autobusom.aspx,http://www.generalturist.com/hr/Putovanja/Sarajevo-3-dana-autobusom.aspx?tabId=raspolozivost&idAranzmanPolazak=9158,http://www.generalturist.com/FotoGalerija/Formati/35492_Mala.JPG,,,,,,,,"890,00 kn",,po osobi,11.03.,22.06.,,11.03.,Sarajevo - 3 dana autobusom,Sarajevo - 3 dana autobusom,Sarajevo - 3 dana autobusom,Sarajevo - 3 dana autobusom,Sarajevo - 3 dana autobusom,Sarajevo - 3 dana autobusom,Sarajevo - 3 dana autobusom,Sarajevo - 3 dana autobusom
www.generalturist.com,hrvatski,Aranžmani s prijevozom,Europska putovanja,http://www.generalturist.com/hr/Putovanja/Europska-putovanja.aspx,Prag - 4 dana autobusom,Prag - 4 dana autobusom,dvokrevetna soba + 1 dodatni ležaj Hotel 3*,Prag - 4 dana autobusom,http://www.generalturist.com/hr/Putovanja/Prag-4-dana-autobusom.aspx,http://www.generalturist.com/hr/Putovanja/Prag-4-dana-autobusom.aspx?tabId=raspolozivost&idAranzmanPolazak=9163,http://www.generalturist.com/FotoGalerija/Formati/264_Mala_PRAG-4-dana-autobusom.JPG,,,,,,,,"990,00 kn",,po osobi,17.03.,12.05.,,17.03.,Prag - 4 dana autobusom,Prag - 4 dana autobusom,Prag - 4 dana autobusom,Prag - 4 dana autobusom,Prag - 4 dana autobusom,Prag - 4 dana autobusom,Prag - 4 dana autobusom,Prag - 4 dana autobusom
www.generalturist.com,hrvatski,Aranžmani s prijevozom,Europska putovanja,http://www.generalturist.com/hr/Putovanja/Europska-putovanja.aspx,Pariz za djecu i mlade,Pariz za djecu i mlade,dvokrevetna soba,Pariz za djecu i mlade,http://www.generalturist.com/hr/Putovanja/Pariz-za-djecu-i-mlade-Disneyland-Paris-i-Parc-Asterix.aspx,http://www.generalturist.com/hr/Putovanja/Pariz-za-djecu-i-mlade-Disneyland-Paris-i-Parc-Asterix.aspx?tabId=raspolozivost&idAranzmanPolazak=8818,http://www.generalturist.com/FotoGalerija/Formati/38051_Mala.JPG,,"Disneyland Paris, Musee Grevin i Parc Asterix",Musee Grevin i Parc Asterix,,,,,"3.590,00 kn",,po osobi,14.04.,19.05.,,14.04.,Pariz za djecu i mlade,Pariz za djecu i mlade,Pariz za djecu i mlade,Pariz za djecu i mlade,Pariz za djecu i mlade,Pariz za djecu i mlade,Pariz za djecu i mlade,Pariz za djecu i mlade
www.generalturist.com,hrvatski,Aranžmani s prijevozom,Europska putovanja,http://www.generalturist.com/hr/Putovanja/Europska-putovanja.aspx,London za djecu i mlade,London za djecu i mlade,dvokrevetna soba Hotel 3*,London za djecu i mlade,http://www.generalturist.com/hr/Putovanja/London-za-djecu-i-mlade-Sea-Life-Aquarium-London-Eye-Madame-Tussauds-Muzej-znanosti-Prirodoslovni-muzej-London-Dungeon-Greenwich-Nacionalni-pomorski-muzej-i-HMS-Belfast.aspx,http://www.generalturist.com/hr/Putovanja/London-za-djecu-i-mlade-Sea-Life-Aquarium-London-Eye-Madame-Tussauds-Muzej-znanosti-Prirodoslovni-muzej-London-Dungeon-Greenwich-Nacionalni-pomorski-muzej-i-HMS-Belfast.aspx?tabId=raspolozivost&idAranzmanPolazak=8838,http://www.generalturist.com/FotoGalerija/Formati/38291_Mala.JPG,ondon za djec,"Sea Life Aquarium, London Eye, Madame Tussauds, Muzej znanosti, Prirodoslovni muzej, London Dungeon, Greenwich, Nacionalni pomorski muzej i HMS Belfast","London Eye, Madame Tussauds, Muzej znanosti, Prirodoslovni muzej, London Dungeon, Greenwich, Nacionalni pomorski muzej i HMS Belfast","London Eye, Madame Tussauds, Muzej znanosti, Prirodoslovni muzej, London Dungeon, Greenwich, Nacionalni pomorski muzej i HMS","London Eye, Madame Tussauds, Muzej znanosti, Prirodoslovni muzej, London Dungeon, Greenwich, Nacionalni pomorski muzej i HMS","London Eye, Madame Tussauds, Muzej znanosti, Prirodoslovni muzej, London Dungeon, Greenwich, Nacionalni pomorski muzej i HMS","London Eye, Madame Tussauds, Muzej znanosti, Prirodoslovni muzej, London Dungeon, Greenwich, Nacionalni pomorski muzej i HMS","3.590,00 kn","3.390,00 kn",po osobi,28.04.,19.05.,,28.04.,London za djecu i mlade,London za djecu i mlade,London za djecu i mlade,London za djecu i mlade,London za djecu i mlade,London za djecu i mlade,London za djecu i mlade,London za djecu i mlade
www.generalturist.com,hrvatski,Aranžmani s prijevozom,Europska putovanja,http://www.generalturist.com/hr/Putovanja/Europska-putovanja.aspx,Barcelona za djecu i mlade,Barcelona za djecu i mlade,dvokrevetna soba Hotel 3*,Barcelona za djecu i mlade,http://www.generalturist.com/hr/Putovanja/Barcelona-Port-Aventura-Park-Aquopolis-Costa-Daurada-i-Aquarium-4-dana-zrakoplovom.aspx,http://www.generalturist.com/hr/Putovanja/Barcelona-Port-Aventura-Park-Aquopolis-Costa-Daurada-i-Aquarium-4-dana-zrakoplovom.aspx?tabId=raspolozivost&idAranzmanPolazak=8824,http://www.generalturist.com/FotoGalerija/Formati/38097_Mala.JPG,ona za djec,"Port Aventura Park, Aquopolis Costa Daurada i Aquarium Barcelona",Aquopolis Costa Daurada i Aquarium Barcelona,Aquopolis Costa Daurada i Aquarium,Aquopolis Costa Daurada i Aquarium,Aquopolis Costa Daurada i Aquarium,Aquopolis Costa Daurada i Aquarium,"3.390,00 kn","3.190,00 kn",po osobi,26.05.,23.06.,,26.05.,Barcelona za djecu i mlade,Barcelona za djecu i mlade,Barcelona za djecu i mlade,Barcelona za djecu i mlade,Barcelona za djecu i mlade,Barcelona za djecu i mlade,Barcelona za djecu i mlade,Barcelona za djecu i mlade
www.generalturist.com,hrvatski,Aranžmani s prijevozom,Europska putovanja,http://www.generalturist.com/hr/Putovanja/Europska-putovanja.aspx,Iberostar Royal Cristina,Iberostar Royal Cristina,"dvokrevetna soba, polupansion",Iberostar Royal Cristina,http://www.generalturist.com/ORS/Offer.aspx,http://www.generalturist.com/ORS/Offer.aspx?epc=2&tdc=7&vnd=27.5.2011&bsd=3.6.2011&ahc=GRZ&toc=NEC&gid=3491&request=0&tabId=raspolozivost,http://www.ors.si/giata-pics-ibe/3491/thumb/3491.jpg,,"Španjolska, Mallorca, Playa de Palma","Mallorca, Playa de Palma",,,,,,,,,,,,Iberostar Royal Cristina,Iberostar Royal Cristina,Iberostar Royal Cristina,Iberostar Royal Cristina,Iberostar Royal Cristina,Iberostar Royal Cristina,Iberostar Royal Cristina,Iberostar Royal Cristina
www.generalturist.com,hrvatski,Aranžmani s prijevozom,Europska putovanja,http://www.generalturist.com/hr/Putovanja/Europska-putovanja.aspx,Londonska avantura,Londonska avantura,dvokrevetna soba Hotel 3*,Londonska avantura,http://www.generalturist.com/hr/Putovanja/London-Thorpe-Park-Paradise-Wildlife-Park-Legoland-Windsor-4-dana-zrakoplovom.aspx,http://www.generalturist.com/hr/Putovanja/London-Thorpe-Park-Paradise-Wildlife-Park-Legoland-Windsor-4-dana-zrakoplovom.aspx?tabId=raspolozivost&idAranzmanPolazak=8830,http://www.generalturist.com/FotoGalerija/Formati/37854_Mala.JPG,ondonska avant,Thorpe Park & Paradise Wildlife Park & Legoland Windsor,,,,,,"3.690,00 kn","3.490,00 kn",po osobi,14.07.,12.08.,,14.07.,Londonska avantura,Londonska avantura,Londonska avantura,Londonska avantura,Londonska avantura,Londonska avantura,Londonska avantura,Londonska avantura
www.generalturist.com,hrvatski,Aranžmani s prijevozom,Europska putovanja,http://www.generalturist.com/hr/Putovanja/Europska-putovanja.aspx,Pariz za djecu i mlade,Pariz za djecu i mlade,dvokrevetna soba,Pariz za djecu i mlade,http://www.generalturist.com/hr/Putovanja/Pariz-Disneyland-Asterix-6-dana-autobusom.aspx,http://www.generalturist.com/hr/Putovanja/Pariz-Disneyland-Asterix-6-dana-autobusom.aspx?tabId=raspolozivost&idAranzmanPolazak=8782,http://www.generalturist.com/FotoGalerija/Formati/34172_Mala.JPG,,Disneyland Paris i Parc Asterix,,,,,,"2.990,00 kn","2.890,00 kn",po osobi,26.04.,21.06.,,26.04.,Pariz za djecu i mlade,Pariz za djecu i mlade,Pariz za djecu i mlade,Pariz za djecu i mlade,Pariz za djecu i mlade,Pariz za djecu i mlade,Pariz za djecu i mlade,Pariz za djecu i mlade
www.generalturist.com,hrvatski,Aranžmani s prijevozom,Europska putovanja,http://www.generalturist.com/hr/Putovanja/Europska-putovanja.aspx,Budimpešta za djecu i mlade,Budimpešta za djecu i mlade,dvokrevetna soba Hotel 4*,Budimpešta za djecu i mlade,http://www.generalturist.com/hr/Putovanja/Budimpesta-za-djecu-i-mlade-Tropicarium-Zooloski-vrt-Aquaworld-i-Labirint.aspx,http://www.generalturist.com/hr/Putovanja/Budimpesta-za-djecu-i-mlade-Tropicarium-Zooloski-vrt-Aquaworld-i-Labirint.aspx?tabId=raspolozivost&idAranzmanPolazak=8788,http://www.generalturist.com/FotoGalerija/Formati/37967_Mala.JPG,,"Memento Park, Tropicarium, Zoološki vrt, Aquaworld, Labirint i Dječja željeznica","Tropicarium, Zoološki vrt, Aquaworld, Labirint i Dječja željeznica","Tropicarium, Zoološki vrt, Aquaworld, La","Tropicarium, Zoološki vrt, Aquaworld, La","Tropicarium, Zoološki vrt, Aquaworld, La","Tropicarium, Zoološki vrt, Aquaworld, La","750,00 kn",,po osobi,01.04.,06.05.,,01.04.,Budimpešta za djecu i mlade,Budimpešta za djecu i mlade,Budimpešta za djecu i mlade,Budimpešta za djecu i mlade,Budimpešta za djecu i mlade,Budimpešta za djecu i mlade,Budimpešta za djecu i mlade,Budimpešta za djecu i mlade
www.generalturist.com,hrvatski,Aranžmani s prijevozom,Europska putovanja,http://www.generalturist.com/hr/Putovanja/Europska-putovanja.aspx,Budimpešta za djecu i mlade,Budimpešta za djecu i mlade,dvokrevetna soba Hotel 4*,Budimpešta za djecu i mlade,http://www.generalturist.com/hr/Putovanja/Budimpesta-za-djecu-i-mlade-Tropicarium-i-Aquaworld.aspx,http://www.generalturist.com/hr/Putovanja/Budimpesta-za-djecu-i-mlade-Tropicarium-i-Aquaworld.aspx?tabId=raspolozivost&idAranzmanPolazak=8797,http://www.generalturist.com/FotoGalerija/Formati/38018_Mala.JPG,,"Memento Park, Tropicarium i Aquaworld",Tropicarium i Aquaworld,,,,,"550,00 kn",,po osobi,02.04.,07.05.,.04.,02.04.,Budimpešta za djecu i mlade,Budimpešta za djecu i mlade,Budimpešta za djecu i mlade,Budimpešta za djecu i mlade,Budimpešta za djecu i mlade,Budimpešta za djecu i mlade,Budimpešta za djecu i mlade,Budimpešta za djecu i mlade
www.generalturist.com,hrvatski,Aranžmani s prijevozom,Europska putovanja,http://www.generalturist.com/hr/Putovanja/Europska-putovanja.aspx,Beč za djecu i mlade,Beč za djecu i mlade,dvokrevetna soba Hotel 3*,Beč za djecu i mlade,http://www.generalturist.com/hr/Putovanja/Bec-za-djecu-i-mlade-Zooloski-vrt-Schonbrunn-Aqua-Terra-Zoo-Morska-kuca-Wiener-Riesenrad-Prater-i-Familypark-Neusiedlersee.aspx,http://www.generalturist.com/hr/Putovanja/Bec-za-djecu-i-mlade-Zooloski-vrt-Schonbrunn-Aqua-Terra-Zoo-Morska-kuca-Wiener-Riesenrad-Prater-i-Familypark-Neusiedlersee.aspx?tabId=raspolozivost&idAranzmanPolazak=8957,http://www.generalturist.com/FotoGalerija/Formati/38613_Mala.JPG,,"Dječji muzej i zoološki vrt «Schönbrunn», Aqua Terra Zoo «Morska kuća», Wiener Riesenrad Prater i Familypark Neusiedlersee","Aqua Terra Zoo «Morska kuća», Wiener Riesenrad Prater i Familypark Neusiedlersee",,,,,"990,00 kn",,po osobi,08.04.,13.05.,,08.04.,Beč za djecu i mlade,Beč za djecu i mlade,Beč za djecu i mlade,Beč za djecu i mlade,Beč za djecu i mlade,Beč za djecu i mlade,Beč za djecu i mlade,Beč za djecu i mlade
www.generalturist.com,hrvatski,Aranžmani s prijevozom,Europska putovanja,http://www.generalturist.com/hr/Putovanja/Europska-putovanja.aspx,Beč za djecu i mlade,Beč za djecu i mlade,dvokrevetna soba Hotel 3*,Beč za djecu i mlade,http://www.generalturist.com/hr/Putovanja/Bec-za-djecu-i-mlade-Djecji-muzej-Zooloski-vrt-Schonbrunn-i-Familypark-Neusiedlersee.aspx,http://www.generalturist.com/hr/Putovanja/Bec-za-djecu-i-mlade-Djecji-muzej-Zooloski-vrt-Schonbrunn-i-Familypark-Neusiedlersee.aspx?tabId=raspolozivost&idAranzmanPolazak=8949,http://www.generalturist.com/FotoGalerija/Formati/38576_Mala.JPG,,"Dječji muzej, Zoološki vrt «Schönbrunn» i Familypark Neusiedlersee",Zoološki vrt «Schönbrunn» i Familypark Neusiedlersee,Zoološki vrt «Schön,Zoološki vrt «Schön,Zoološki vrt «Schön,Zoološki vrt «Schön,"650,00 kn",,po osobi,09.04.,14.05.,,09.04.,Beč za djecu i mlade,Beč za djecu i mlade,Beč za djecu i mlade,Beč za djecu i mlade,Beč za djecu i mlade,Beč za djecu i mlade,Beč za djecu i mlade,Beč za djecu i mlade
www.generalturist.com,hrvatski,Aranžmani s prijevozom,Europska putovanja,http://www.generalturist.com/hr/Putovanja/Europska-putovanja.aspx,Legoland Njemačka i Minimundus,Legoland Njemačka i Minimundus,dvokrevetna soba Hotel 3*,Legoland Njemačka i Minimundus,http://www.generalturist.com/hr/Putovanja/Legoland-i-Minimundus-3-dana-autobusom.aspx,http://www.generalturist.com/hr/Putovanja/Legoland-i-Minimundus-3-dana-autobusom.aspx?tabId=raspolozivost&idAranzmanPolazak=8764,http://www.generalturist.com/FotoGalerija/Formati/34009_Mala.JPG,egoland Njemačka i Minim,"Muzej igračaka München, Legoland Deutschland, Minimundus Klagenfurt i Reptilien Zoo Happ Klagenfurt","Legoland Deutschland, Minimundus Klagenfurt i Reptilien Zoo Happ Klagenfurt",,,,,"1.150,00 kn",,po osobi,15.04.,20.05.,,15.04.,Legoland Njemačka i Minimundus,Legoland Njemačka i Minimundus,Legoland Njemačka i Minimundus,Legoland Njemačka i Minimundus,Legoland Njemačka i Minimundus,Legoland Njemačka i Minimundus,Legoland Njemačka i Minimundus,Legoland Njemačka i Minimundus
www.generalturist.com,hrvatski,Aranžmani s prijevozom,Europska putovanja,http://www.generalturist.com/hr/Putovanja/Europska-putovanja.aspx,Legoland Njemačka i Minimundus,Legoland Njemačka i Minimundus,dvokrevetna soba Hotel 3*,Legoland Njemačka i Minimundus,http://www.generalturist.com/hr/Putovanja/Legoland-Njemacka-i-Minimundus-2-dana-autobusom--Minimundus-Klagenfurt-i-Legoland-Deutschland.aspx,http://www.generalturist.com/hr/Putovanja/Legoland-Njemacka-i-Minimundus-2-dana-autobusom--Minimundus-Klagenfurt-i-Legoland-Deutschland.aspx?tabId=raspolozivost&idAranzmanPolazak=8770,http://www.generalturist.com/FotoGalerija/Formati/37941_Mala.JPG,egoland Njemačka i Minim,Minimundus Klagenfurt i Legoland Deutschland,,,,,,"850,00 kn",,po osobi,16.04.,21.05.,,16.04.,Legoland Njemačka i Minimundus,Legoland Njemačka i Minimundus,Legoland Njemačka i Minimundus,Legoland Njemačka i Minimundus,Legoland Njemačka i Minimundus,Legoland Njemačka i Minimundus,Legoland Njemačka i Minimundus,Legoland Njemačka i Minimundus
www.generalturist.com,hrvatski,Aranžmani s prijevozom,Europska putovanja,http://www.generalturist.com/hr/Putovanja/Europska-putovanja.aspx,Mirabilandia i Italia in Miniatura,Mirabilandia i Italia in Miniatura,dvokrevetna soba Hotel 3*,Mirabilandia i Italia in Miniatura,http://www.generalturist.com/hr/Putovanja/Mirabilandia-i-Italia-in-Miniatura-3-dana-autobusom.aspx,http://www.generalturist.com/hr/Putovanja/Mirabilandia-i-Italia-in-Miniatura-3-dana-autobusom.aspx?tabId=raspolozivost&idAranzmanPolazak=8932,http://www.generalturist.com/FotoGalerija/Formati/34034_Mala.JPG,andia i Italia in Miniat,,,,,,,"950,00 kn",,po osobi,06.05.,17.06.,,06.05.,Mirabilandia i Italia in Miniatura,Mirabilandia i Italia in Miniatura,Mirabilandia i Italia in Miniatura,Mirabilandia i Italia in Miniatura,Mirabilandia i Italia in Miniatura,Mirabilandia i Italia in Miniatura,Mirabilandia i Italia in Miniatura,Mirabilandia i Italia in Miniatura
www.generalturist.com,hrvatski,Aranžmani s prijevozom,Europska putovanja,http://www.generalturist.com/hr/Putovanja/Europska-putovanja.aspx,Gardaland i Parco Natura Viva,Gardaland i Parco Natura Viva,dvokrevetna soba + 1 dodatni ležaj Hotel 3*,Gardaland i Parco Natura Viva,http://www.generalturist.com/hr/Putovanja/Gardaland-Safari-park-2-dana-autobusom.aspx,http://www.generalturist.com/hr/Putovanja/Gardaland-Safari-park-2-dana-autobusom.aspx?tabId=raspolozivost&idAranzmanPolazak=8914,http://www.generalturist.com/FotoGalerija/Formati/34127_Mala.JPG,and i Parco Nat,,,,,,,"690,00 kn",,po osobi,09.04.,30.04.,,09.04.,Gardaland i Parco Natura Viva,Gardaland i Parco Natura Viva,Gardaland i Parco Natura Viva,Gardaland i Parco Natura Viva,Gardaland i Parco Natura Viva,Gardaland i Parco Natura Viva,Gardaland i Parco Natura Viva,Gardaland i Parco Natura Viva
www.generalturist.com,hrvatski,Aranžmani s prijevozom,Europska putovanja,http://www.generalturist.com/hr/Putovanja/Europska-putovanja.aspx,Noćni Gardaland i Parco Natura Viva,Noćni Gardaland i Parco Natura Viva,dvokrevetna soba + 1 dodatni ležaj Hotel 3*,Noćni Gardaland i Parco Natura Viva,http://www.generalturist.com/hr/Putovanja/Nocni-Gardaland-i-Parco-Natura-Viva.aspx,http://www.generalturist.com/hr/Putovanja/Nocni-Gardaland-i-Parco-Natura-Viva.aspx?tabId=raspolozivost&idAranzmanPolazak=8928,http://www.generalturist.com/FotoGalerija/Formati/38512_Mala.JPG,and i Parco Nat,,,,,,,"650,00 kn",,po osobi,22.06.,16.07.,,22.06.,Noćni Gardaland i Parco Natura Viva,Noćni Gardaland i Parco Natura Viva,Noćni Gardaland i Parco Natura Viva,Noćni Gardaland i Parco Natura Viva,Noćni Gardaland i Parco Natura Viva,Noćni Gardaland i Parco Natura Viva,Noćni Gardaland i Parco Natura Viva,Noćni Gardaland i Parco Natura Viva
www.generalturist.com,hrvatski,Aranžmani s prijevozom,Europska putovanja,http://www.generalturist.com/hr/Putovanja/Europska-putovanja.aspx,Gardaland - adrenalinska avantura,Gardaland - adrenalinska avantura,dvokrevetna soba + 1 dodatni ležaj Hotel 3*,Gardaland - adrenalinska avantura,http://www.generalturist.com/hr/Putovanja/Gardaland-Safari-park-i-Canevaworld-3-dana-autobusom.aspx,http://www.generalturist.com/hr/Putovanja/Gardaland-Safari-park-i-Canevaworld-3-dana-autobusom.aspx?tabId=raspolozivost&idAranzmanPolazak=9412,http://www.generalturist.com/FotoGalerija/Formati/34126_Mala.JPG,and - adrenalinska avant,"Park Jungle Adventure, Parco Natura Viva, Canevaworld (Movieland studios, Aquastudios*) i Gardaland","Parco Natura Viva, Canevaworld (Movieland studios, Aquastudios*) i Gardaland",,,,,"990,00 kn",,po osobi,29.04.,20.05.,,29.04.,Gardaland - adrenalinska avantura,Gardaland - adrenalinska avantura,Gardaland - adrenalinska avantura,Gardaland - adrenalinska avantura,Gardaland - adrenalinska avantura,Gardaland - adrenalinska avantura,Gardaland - adrenalinska avantura,Gardaland - adrenalinska avantura
www.generalturist.com,hrvatski,Aranžmani s prijevozom,Europska putovanja,http://www.generalturist.com/hr/Putovanja/Europska-putovanja.aspx,"Venecija, 3 dana autobusom, polazak iz Splita","Venecija, 3 dana autobusom, polazak iz Splita",dvokrevetna soba + 1 dodatni ležaj,"Venecija, 3 dana autobusom, polazak iz Splita",http://www.generalturist.com/hr/Putovanja/Venecija-3-dana-autobusom-polasci-iz-Splita-Sibenika-Zadra.aspx,http://www.generalturist.com/hr/Putovanja/Venecija-3-dana-autobusom-polasci-iz-Splita-Sibenika-Zadra.aspx?tabId=raspolozivost&idAranzmanPolazak=9180,http://www.generalturist.com/FotoGalerija/Formati/2491_Mala_VENECIJA-3-dana-autobusom-polasci-iz-Splita-Sibeni.JPG,,,,,,,,"1.290,00 kn",,po osobi,04.03.,,,04.03.,"Venecija, 3 dana autobusom, polazak iz Splita","Venecija, 3 dana autobusom, polazak iz Splita","Venecija, 3 dana autobusom, polazak iz Splita","Venecija, 3 dana autobusom, polazak iz Splita","Venecija, 3 dana autobusom, polazak iz Splita","Venecija, 3 dana autobusom, polazak iz Splita","Venecija, 3 dana autobusom, polazak iz Splita","Venecija, 3 dana autobusom, polazak iz Splita"
www.generalturist.com,hrvatski,Aranžmani s prijevozom,Europska putovanja,http://www.generalturist.com/hr/Putovanja/Europska-putovanja.aspx,"Venecija, 3 dana autobusom, polazak iz Splita","Venecija, 3 dana autobusom, polazak iz Splita",jednokrevetna soba,"Venecija, 3 dana autobusom, polazak iz Splita",http://www.generalturist.com/hr/Putovanja/Venecija-3-dana-autobusom-polasci-iz-Splita-Sibenika-Zadra.aspx,http://www.generalturist.com/hr/Putovanja/Venecija-3-dana-autobusom-polasci-iz-Splita-Sibenika-Zadra.aspx?tabId=raspolozivost&idAranzmanPolazak=9180,http://www.generalturist.com/FotoGalerija/Formati/2491_Mala_VENECIJA-3-dana-autobusom-polasci-iz-Splita-Sibeni.JPG,,,,,,,,"1.560,00 kn",,po osobi,04.03.,,,04.03.,"Venecija, 3 dana autobusom, polazak iz Splita","Venecija, 3 dana autobusom, polazak iz Splita","Venecija, 3 dana autobusom, polazak iz Splita","Venecija, 3 dana autobusom, polazak iz Splita","Venecija, 3 dana autobusom, polazak iz Splita","Venecija, 3 dana autobusom, polazak iz Splita","Venecija, 3 dana autobusom, polazak iz Splita","Venecija, 3 dana autobusom, polazak iz Splita"
www.generalturist.com,hrvatski,Aranžmani s prijevozom,Europska putovanja,http://www.generalturist.com/hr/Putovanja/Europska-putovanja.aspx,Orlando,Orlando,dvokrevetna soba,Orlando,http://www.generalturist.com/hr/Putovanja/Orlando-Universal-Studios-SeaWorld-Premium-Outlets-Cape-Carneval-i-Disney-s-Hollywood-Studios.aspx,http://www.generalturist.com/hr/Putovanja/Orlando-Universal-Studios-SeaWorld-Premium-Outlets-Cape-Carneval-i-Disney-s-Hollywood-Studios.aspx?tabId=raspolozivost&idAranzmanPolazak=9416,http://www.generalturist.com/FotoGalerija/Formati/39630_Mala.JPG,,"Universal Studios, SeaWorld, Premium Outlets, Cape Carneval i Disney’s Hollywood Studios","SeaWorld, Premium Outlets, Cape Carneval i Disney’s Hollywood Studios",,,,,"8.990,00 kn",,po osobi,18.06.,27.08.,,18.06.,Orlando,Orlando,Orlando,Orlando,Orlando,Orlando,Orlando,Orlando
www.generalturist.com,hrvatski,Aranžmani s prijevozom,Europska putovanja,http://www.generalturist.com/hr/Putovanja/Europska-putovanja.aspx,Istanbul - 4 dana zrakoplovom,Istanbul - 4 dana zrakoplovom,dvokrevetna soba + 1 dodatni ležaj 3*,Istanbul - 4 dana zrakoplovom,http://www.generalturist.com/hr/Putovanja/Istanbul-4-dana-zrakoplovom.aspx,http://www.generalturist.com/hr/Putovanja/Istanbul-4-dana-zrakoplovom.aspx?tabId=raspolozivost&idAranzmanPolazak=9298,http://www.generalturist.com/FotoGalerija/Formati/35883_Mala.JPG,,,,,,,,"2.690,00 kn",,po osobi,17.03.,,,17.03.,Istanbul - 4 dana zrakoplovom,Istanbul - 4 dana zrakoplovom,Istanbul - 4 dana zrakoplovom,Istanbul - 4 dana zrakoplovom,Istanbul - 4 dana zrakoplovom,Istanbul - 4 dana zrakoplovom,Istanbul - 4 dana zrakoplovom,Istanbul - 4 dana zrakoplovom
www.generalturist.com,hrvatski,Aranžmani s prijevozom,Europska putovanja,http://www.generalturist.com/hr/Putovanja/Europska-putovanja.aspx,Istanbul - 4 dana zrakoplovom,Istanbul - 4 dana zrakoplovom,dvokrevetna soba + 1 dodatni ležaj 4*,Istanbul - 4 dana zrakoplovom,http://www.generalturist.com/hr/Putovanja/Istanbul-4-dana-zrakoplovom.aspx,http://www.generalturist.com/hr/Putovanja/Istanbul-4-dana-zrakoplovom.aspx?tabId=raspolozivost&idAranzmanPolazak=9298,http://www.generalturist.com/FotoGalerija/Formati/35883_Mala.JPG,,,,,,,,"2.990,00 kn",,po osobi,17.03.,,,17.03.,Istanbul - 4 dana zrakoplovom,Istanbul - 4 dana zrakoplovom,Istanbul - 4 dana zrakoplovom,Istanbul - 4 dana zrakoplovom,Istanbul - 4 dana zrakoplovom,Istanbul - 4 dana zrakoplovom,Istanbul - 4 dana zrakoplovom,Istanbul - 4 dana zrakoplovom
www.generalturist.com,hrvatski,Aranžmani s prijevozom,Daleka putovanja,http://www.generalturist.com/hr/Putovanja/Daleka-putovanja.aspx,Dubai,Dubai,dvokrevetna soba,Dubai,http://www.generalturist.com/hr/Putovanja/Dubai/put-2991-hr.aspx,http://www.generalturist.com/hr/Putovanja/Dubai/put-2991-hr.aspx?tabId=raspolozivost&idAranzmanPolazak=9086,http://www.generalturist.com/FotoGalerija/Formati/38808_Mala.JPG,,,,,,,,"4.390,00 kn",,po osobi,15.03.,20.04.,,15.03.,Dubai,Dubai,Dubai,Dubai,Dubai,Dubai,Dubai,Dubai
www.generalturist.com,hrvatski,Aranžmani s prijevozom,Daleka putovanja,http://www.generalturist.com/hr/Putovanja/Daleka-putovanja.aspx,Coral Costa Caribe,Coral Costa Caribe,"dvokrevetna soba, all inclusive",Coral Costa Caribe,http://www.generalturist.com/ORS/Offer.aspx,http://www.generalturist.com/ORS/Offer.aspx?epc=2&tdc=7&vnd=24.3.2011&bsd=31.3.2011&ahc=ZAG&toc=NEC&gid=318&request=0&tabId=raspolozivost,http://www.ors.si/giata-pics-ibe/318/thumb/318.jpg,,"Dominikanska Republika, Juan Dolio",Juan Dolio,,,,,,,,,,,,Coral Costa Caribe,Coral Costa Caribe,Coral Costa Caribe,Coral Costa Caribe,Coral Costa Caribe,Coral Costa Caribe,Coral Costa Caribe,Coral Costa Caribe
www.generalturist.com,hrvatski,Aranžmani s prijevozom,Daleka putovanja,http://www.generalturist.com/hr/Putovanja/Daleka-putovanja.aspx,Velika kineska tura,Velika kineska tura,dvokrevetna soba,Velika kineska tura,http://www.generalturist.com/hr/Putovanja/VELIKA-KINESKA-TURA/put-5732-hr.aspx,http://www.generalturist.com/hr/Putovanja/VELIKA-KINESKA-TURA/put-5732-hr.aspx?tabId=raspolozivost&idAranzmanPolazak=9080,http://www.generalturist.com/FotoGalerija/Formati/38796_Mala.JPG,ika kineska t,,,,,,,"9.490,00 kn",,po osobi,18.03.,29.04.,,18.03.,Velika kineska tura,Velika kineska tura,Velika kineska tura,Velika kineska tura,Velika kineska tura,Velika kineska tura,Velika kineska tura,Velika kineska tura
www.generalturist.com,hrvatski,Aranžmani s prijevozom,Daleka putovanja,http://www.generalturist.com/hr/Putovanja/Daleka-putovanja.aspx,New York,New York,dvokrevetna soba,New York,http://www.generalturist.com/hr/Putovanja/New-York/put-5573-hr.aspx,http://www.generalturist.com/hr/Putovanja/New-York/put-5573-hr.aspx?tabId=raspolozivost&idAranzmanPolazak=9200,http://www.generalturist.com/FotoGalerija/Formati/36042_Mala.JPG,,,,,,,,"6.490,00 kn",,po osobi,31.03.,22.06.,,31.03.,New York,New York,New York,New York,New York,New York,New York,New York
www.generalturist.com,hrvatski,Aranžmani s prijevozom,Daleka putovanja,http://www.generalturist.com/hr/Putovanja/Daleka-putovanja.aspx,Coyaba Beach Resort & Spa & Club,Coyaba Beach Resort & Spa & Club,"dvokrevetna soba, polupansion",Coyaba Beach Resort & Spa & Club,http://www.generalturist.com/ORS/Offer.aspx,http://www.generalturist.com/ORS/Offer.aspx?epc=2&tdc=7&vnd=9.3.2011&bsd=16.3.2011&ahc=VIE&toc=FTI&gid=10950&request=0&tabId=raspolozivost,http://www.ors.si/giata-pics-ibe/10950/thumb/10950.jpg,,"Jamajka, Montego Bay",Montego Bay,Montego,Montego,Montego,Montego,,,,,,,,Coyaba Beach Resort & Spa & Club,Coyaba Beach Resort & Spa & Club,Coyaba Beach Resort & Spa & Club,Coyaba Beach Resort & Spa & Club,Coyaba Beach Resort & Spa & Club,Coyaba Beach Resort & Spa & Club,Coyaba Beach Resort & Spa & Club,Coyaba Beach Resort & Spa & Club
www.generalturist.com,hrvatski,Aranžmani s prijevozom,Daleka putovanja,http://www.generalturist.com/hr/Putovanja/Daleka-putovanja.aspx,Las Golondrinas,Las Golondrinas,"dvokrevetna soba, noćenje s doručkom",Las Golondrinas,http://www.generalturist.com/ORS/Offer.aspx,http://www.generalturist.com/ORS/Offer.aspx?epc=2&tdc=7&vnd=10.3.2011&bsd=17.3.2011&ahc=ZAG&toc=TOC&gid=15979&request=0&tabId=raspolozivost,http://www.ors.si/giata-pics-ibe/15979/thumb/15979.jpg,,"Meksiko, Playa del Carmen",Playa del Carmen,,,,,,,,,,,,Las Golondrinas,Las Golondrinas,Las Golondrinas,Las Golondrinas,Las Golondrinas,Las Golondrinas,Las Golondrinas,Las Golondrinas
www.generalturist.com,hrvatski,Aranžmani s prijevozom,Daleka putovanja,http://www.generalturist.com/hr/Putovanja/Daleka-putovanja.aspx,Malezija,Malezija,dvokrevetna soba,Malezija,http://www.generalturist.com/hr/Putovanja/Malezija.aspx,http://www.generalturist.com/hr/Putovanja/Malezija.aspx?tabId=raspolozivost&idAranzmanPolazak=9119,http://www.generalturist.com/FotoGalerija/Formati/39141_Mala.JPG,,,,,,,,"11.990,00 kn",,po osobi,02.04.,02.06.,.04.,02.04.,Malezija,Malezija,Malezija,Malezija,Malezija,Malezija,Malezija,Malezija
www.generalturist.com,hrvatski,Aranžmani s prijevozom,Daleka putovanja,http://www.generalturist.com/hr/Putovanja/Daleka-putovanja.aspx,Tajland,Tajland,dvokrevetna soba,Tajland,http://www.generalturist.com/hr/Putovanja/Tajland/put-5717-hr.aspx,http://www.generalturist.com/hr/Putovanja/Tajland/put-5717-hr.aspx?tabId=raspolozivost&idAranzmanPolazak=8940,http://www.generalturist.com/FotoGalerija/Formati/38550_Mala.JPG,,,,,,,,"9.990,00 kn","9.490,00 kn",po osobi,19.04.,,,19.04.,Tajland,Tajland,Tajland,Tajland,Tajland,Tajland,Tajland,Tajland
www.generalturist.com,hrvatski,Aranžmani s prijevozom,Daleka putovanja,http://www.generalturist.com/hr/Putovanja/Daleka-putovanja.aspx,Jordan i Sirija,Jordan i Sirija,dvokrevetna soba,Jordan i Sirija,http://www.generalturist.com/hr/Putovanja/Jordan-i-Sirija.aspx,http://www.generalturist.com/hr/Putovanja/Jordan-i-Sirija.aspx?tabId=raspolozivost&idAranzmanPolazak=9311,http://www.generalturist.com/FotoGalerija/Formati/39533_Mala.JPG,,,,,,,,"7.990,00 kn","7.790,00 kn",po osobi,20.04.,21.06.,,20.04.,Jordan i Sirija,Jordan i Sirija,Jordan i Sirija,Jordan i Sirija,Jordan i Sirija,Jordan i Sirija,Jordan i Sirija,Jordan i Sirija
www.generalturist.com,hrvatski,Aranžmani s prijevozom,Daleka putovanja,http://www.generalturist.com/hr/Putovanja/Daleka-putovanja.aspx,Miami & Orlando,Miami & Orlando,dvokrevetna soba,Miami & Orlando,http://www.generalturist.com/hr/Putovanja/Miami-Orlando.aspx,http://www.generalturist.com/hr/Putovanja/Miami-Orlando.aspx?tabId=raspolozivost&idAranzmanPolazak=9129,http://www.generalturist.com/FotoGalerija/Formati/39241_Mala.JPG,,,,,,,,"7.590,00 kn","7.290,00 kn",po osobi,14.05.,,,14.05.,Miami & Orlando,Miami & Orlando,Miami & Orlando,Miami & Orlando,Miami & Orlando,Miami & Orlando,Miami & Orlando,Miami & Orlando
www.generalturist.com,hrvatski,Aranžmani s prijevozom,Daleka putovanja,http://www.generalturist.com/hr/Putovanja/Daleka-putovanja.aspx,Aanari & Spa,Aanari & Spa,"dvokrevetna soba, polupansion",Aanari & Spa,http://www.generalturist.com/ORS/Offer.aspx,http://www.generalturist.com/ORS/Offer.aspx?epc=2&tdc=8&vnd=25.5.2011&bsd=2.6.2011&ahc=VIE&toc=FTI&gid=196007&request=0&tabId=raspolozivost,http://www.ors.si/giata-pics-ibe/196007/thumb/196007.jpg,,"Mauricijus, Flic en Flac",Flic en Flac,,,,,,,,,,,,Aanari & Spa,Aanari & Spa,Aanari & Spa,Aanari & Spa,Aanari & Spa,Aanari & Spa,Aanari & Spa,Aanari & Spa
www.generalturist.com,hrvatski,Aranžmani s prijevozom,Daleka putovanja,http://www.generalturist.com/hr/Putovanja/Daleka-putovanja.aspx,Pearle Beach,Pearle Beach,"dvokrevetna soba, polupansion",Pearle Beach,http://www.generalturist.com/ORS/Offer.aspx,http://www.generalturist.com/ORS/Offer.aspx?epc=2&tdc=7&vnd=23.3.2011&bsd=30.3.2011&ahc=ZAG&toc=OES&gid=1942&request=0&tabId=raspolozivost,http://www.ors.si/giata-pics-ibe/1942/thumb/1942.jpg,,"Mauricijus, Flic en Flac",Flic en Flac,,,,,,,,,,,,Pearle Beach,Pearle Beach,Pearle Beach,Pearle Beach,Pearle Beach,Pearle Beach,Pearle Beach,Pearle Beach
www.generalturist.com,hrvatski,Aranžmani s prijevozom,Daleka putovanja,http://www.generalturist.com/hr/Putovanja/Daleka-putovanja.aspx,Holiday Island,Holiday Island,"bungalov, polupansion",Holiday Island,http://www.generalturist.com/ORS/Offer.aspx,http://www.generalturist.com/ORS/Offer.aspx?epc=2&tdc=7&vnd=28.3.2011&bsd=4.4.2011&ahc=ZAG&toc=OES&gid=1759&request=0&tabId=raspolozivost,http://www.ors.si/giata-pics-ibe/1759/thumb/1759.jpg,,"Maldivi, Ari Atoll",Ari Atoll,,,,,,,,,,,,Holiday Island,Holiday Island,Holiday Island,Holiday Island,Holiday Island,Holiday Island,Holiday Island,Holiday Island
www.generalturist.com,hrvatski,Aranžmani s prijevozom,Daleka putovanja,http://www.generalturist.com/hr/Putovanja/Daleka-putovanja.aspx,Sandos Caracol Beach Resort & Spa,Sandos Caracol Beach Resort & Spa,"dvokrevetna soba, all inclusive",Sandos Caracol Beach Resort & Spa,http://www.generalturist.com/ORS/Offer.aspx,http://www.generalturist.com/ORS/Offer.aspx?epc=2&tdc=7&vnd=14.3.2011&bsd=21.3.2011&ahc=ZAG&toc=OES&gid=11926&request=0&tabId=raspolozivost,http://www.ors.si/giata-pics-ibe/11926/thumb/11926.jpg,,"Meksiko, Playa del Carmen",Playa del Carmen,,,,,,,,,,,,Sandos Caracol Beach Resort & Spa,Sandos Caracol Beach Resort & Spa,Sandos Caracol Beach Resort & Spa,Sandos Caracol Beach Resort & Spa,Sandos Caracol Beach Resort & Spa,Sandos Caracol Beach Resort & Spa,Sandos Caracol Beach Resort & Spa,Sandos Caracol Beach Resort & Spa
www.generalturist.com,hrvatski,Aranžmani s prijevozom,Daleka putovanja,http://www.generalturist.com/hr/Putovanja/Daleka-putovanja.aspx,Berjaya Beau Vallon Bay Beach / Resort,Berjaya Beau Vallon Bay Beach / Resort,"dvokrevetna soba, noćenje s doručkom",Berjaya Beau Vallon Bay Beach / Resort,http://www.generalturist.com/ORS/Offer.aspx,http://www.generalturist.com/ORS/Offer.aspx?epc=2&tdc=7&vnd=8.4.2011&bsd=15.4.2011&ahc=ZAG&toc=NEC&gid=2239&request=0&tabId=raspolozivost,http://www.ors.si/giata-pics-ibe/2239/thumb/2239.jpg,,"Sejšeli, Mahe, Beau Vallon Bay","Mahe, Beau Vallon Bay","Mahe,","Mahe,","Mahe,","Mahe,",,,,,,,,Berjaya Beau Vallon Bay Beach / Resort,Berjaya Beau Vallon Bay Beach / Resort,Berjaya Beau Vallon Bay Beach / Resort,Berjaya Beau Vallon Bay Beach / Resort,Berjaya Beau Vallon Bay Beach / Resort,Berjaya Beau Vallon Bay Beach / Resort,Berjaya Beau Vallon Bay Beach / Resort,Berjaya Beau Vallon Bay Beach / Resort
www.generalturist.com,hrvatski,Aranžmani s prijevozom,Daleka putovanja,http://www.generalturist.com/hr/Putovanja/Daleka-putovanja.aspx,Royal Decameron Montego Beach,Royal Decameron Montego Beach,"dvokrevetna soba, all inclusive",Royal Decameron Montego Beach,http://www.generalturist.com/ORS/Offer.aspx,http://www.generalturist.com/ORS/Offer.aspx?epc=2&tdc=7&vnd=23.3.2011&bsd=30.3.2011&ahc=ZAG&toc=OES&gid=42343&request=0&tabId=raspolozivost,http://www.ors.si/giata-pics-ibe/42343/thumb/42343.jpg,,"Jamajka, Montego Bay",Montego Bay,Montego,Montego,Montego,Montego,,,,,,,,Royal Decameron Montego Beach,Royal Decameron Montego Beach,Royal Decameron Montego Beach,Royal Decameron Montego Beach,Royal Decameron Montego Beach,Royal Decameron Montego Beach,Royal Decameron Montego Beach,Royal Decameron Montego Beach
www.generalturist.com,hrvatski,Aranžmani s prijevozom,Daleka putovanja,http://www.generalturist.com/hr/Putovanja/Daleka-putovanja.aspx,Casa Conde,Casa Conde,"dvokrevetna soba, noćenje s doručkom",Casa Conde,http://www.generalturist.com/ORS/Offer.aspx,http://www.generalturist.com/ORS/Offer.aspx?epc=2&tdc=7&vnd=9.3.2011&bsd=16.3.2011&ahc=ZAG&toc=NEC&gid=73975&request=0&tabId=raspolozivost,http://www.ors.si/giata-pics-ibe/73975/thumb/73975.jpg,,"Kostarika, San Jose",San Jose,,,,,,,,,,,,Casa Conde,Casa Conde,Casa Conde,Casa Conde,Casa Conde,Casa Conde,Casa Conde,Casa Conde
www.generalturist.com,hrvatski,Aranžmani s prijevozom,Mediteran,http://www.generalturist.com/hr/Putovanja/Mediteran.aspx,,,,,,,,,,,,,,,,,,,,,,,,,,,,,
www.generalturist.com,hrvatski,Aranžmani s prijevozom,Sport,http://www.generalturist.com/hr/Putovanja/Sport.aspx,F1 VN Monaka (Monte Carlo),F1 VN Monaka (Monte Carlo),dvokrevetna soba + 1 dodatni ležaj,F1 VN Monaka (Monte Carlo),http://www.generalturist.com/hr/Putovanja/F1-VN-MONAKA-Monte-Carlo-4-dana-autobusom.aspx,http://www.generalturist.com/hr/Putovanja/F1-VN-MONAKA-Monte-Carlo-4-dana-autobusom.aspx?tabId=raspolozivost&idAranzmanPolazak=8716,http://www.generalturist.com/FotoGalerija/Formati/2850_Mala_F1-VN-MONAKA-Monte-Carlo-4-dana-autobusom.JPG,,Formula 1 69. Grand Prix de Monaco 2011. (Circuit de Monaco),,,,,,"1.490,00 kn","1.390,00 kn",po osobi,27.05.,,,27.05.,F1 VN Monaka (Monte Carlo),F1 VN Monaka (Monte Carlo),F1 VN Monaka (Monte Carlo),F1 VN Monaka (Monte Carlo),F1 VN Monaka (Monte Carlo),F1 VN Monaka (Monte Carlo),F1 VN Monaka (Monte Carlo),F1 VN Monaka (Monte Carlo)
www.generalturist.com,hrvatski,Aranžmani s prijevozom,Sport,http://www.generalturist.com/hr/Putovanja/Sport.aspx,F1 VN Belgije (Spa Francorchamps),F1 VN Belgije (Spa Francorchamps),dvokrevetna soba + 1 dodatni ležaj,F1 VN Belgije (Spa Francorchamps),http://www.generalturist.com/hr/Putovanja/F1-VN-BELGIJE-Spa-Francorchamps-4-dana-autobusom.aspx,http://www.generalturist.com/hr/Putovanja/F1-VN-BELGIJE-Spa-Francorchamps-4-dana-autobusom.aspx?tabId=raspolozivost&idAranzmanPolazak=8737,http://www.generalturist.com/FotoGalerija/Formati/2898_Mala_F1-VN-BELGIJE-Spa-Francorchamps-4-dana-autobusom.JPG,,2011 Formula 1 Belgian Grand Prix (Circuit de Spa-Francorchamps),,,,,,"1.490,00 kn","1.340,00 kn",po osobi,26.08.,,,26.08.,F1 VN Belgije (Spa Francorchamps),F1 VN Belgije (Spa Francorchamps),F1 VN Belgije (Spa Francorchamps),F1 VN Belgije (Spa Francorchamps),F1 VN Belgije (Spa Francorchamps),F1 VN Belgije (Spa Francorchamps),F1 VN Belgije (Spa Francorchamps),F1 VN Belgije (Spa Francorchamps)
www.generalturist.com,hrvatski,Aranžmani s prijevozom,Sport,http://www.generalturist.com/hr/Putovanja/Sport.aspx,F1 VN Italije (Monza),F1 VN Italije (Monza),dvokrevetna soba + 1 dodatni ležaj,F1 VN Italije (Monza),http://www.generalturist.com/hr/Putovanja/F1-VN-ITALIJE-Monza-4-dana-autobusom.aspx,http://www.generalturist.com/hr/Putovanja/F1-VN-ITALIJE-Monza-4-dana-autobusom.aspx?tabId=raspolozivost&idAranzmanPolazak=8736,http://www.generalturist.com/FotoGalerija/Formati/2837_Mala_F1-VN-ITALIJE-Monza-4-dana-autobusom.JPG,,Formula 1 Gran Premio Santander d'Italia 2011. (Autodromo Nazionale di Monza),,,,,,"1.150,00 kn","1.050,00 kn",po osobi,09.09.,,,09.09.,F1 VN Italije (Monza),F1 VN Italije (Monza),F1 VN Italije (Monza),F1 VN Italije (Monza),F1 VN Italije (Monza),F1 VN Italije (Monza),F1 VN Italije (Monza),F1 VN Italije (Monza)
www.generalturist.com,hrvatski,Aranžmani s prijevozom,Sport,http://www.generalturist.com/hr/Putovanja/Sport.aspx,F1 VN Mađarske (Hungaroring),F1 VN Mađarske (Hungaroring),dvokrevetna soba + 1 dodatni ležaj,F1 VN Mađarske (Hungaroring),http://www.generalturist.com/hr/Putovanja/F1-VN-MADARSKE-Hungaroring-2-dana-autobusom.aspx,http://www.generalturist.com/hr/Putovanja/F1-VN-MADARSKE-Hungaroring-2-dana-autobusom.aspx?tabId=raspolozivost&idAranzmanPolazak=8738,http://www.generalturist.com/FotoGalerija/Formati/38654_Mala.JPG,,Formula 1 Eni Magyar Nagydij 2011. (Hungaroring Sport RT),,,,,,"950,00 kn","850,00 kn",po osobi,30.07.,,,30.07.,F1 VN Mađarske (Hungaroring),F1 VN Mađarske (Hungaroring),F1 VN Mađarske (Hungaroring),F1 VN Mađarske (Hungaroring),F1 VN Mađarske (Hungaroring),F1 VN Mađarske (Hungaroring),F1 VN Mađarske (Hungaroring),F1 VN Mađarske (Hungaroring)
www.generalturist.com,hrvatski,Aranžmani s prijevozom,Sport,http://www.generalturist.com/hr/Putovanja/Sport.aspx,F1 VN Mađarske (Hungaroring),F1 VN Mađarske (Hungaroring),polasci: Zagreb,F1 VN Mađarske (Hungaroring),http://www.generalturist.com/hr/Putovanja/F1-VN-MADARSKE-Hungaroring-1-dan-autobusom.aspx,http://www.generalturist.com/hr/Putovanja/F1-VN-MADARSKE-Hungaroring-1-dan-autobusom.aspx?tabId=raspolozivost&idAranzmanPolazak=8739,http://www.generalturist.com/FotoGalerija/Formati/38659_Mala.JPG,,Formula 1 Eni Magyar Nagydij 2011. (Hungaroring Sport RT),,,,,,,,,,,,,F1 VN Mađarske (Hungaroring),F1 VN Mađarske (Hungaroring),F1 VN Mađarske (Hungaroring),F1 VN Mađarske (Hungaroring),F1 VN Mađarske (Hungaroring),F1 VN Mađarske (Hungaroring),F1 VN Mađarske (Hungaroring),F1 VN Mađarske (Hungaroring)
www.generalturist.com,hrvatski,Aranžmani s prijevozom,Sport,http://www.generalturist.com/hr/Putovanja/Sport.aspx,F1 VN Njemačke (Nurburgring),F1 VN Njemačke (Nurburgring),dvokrevetna soba + 1 dodatni ležaj,F1 VN Njemačke (Nurburgring),http://www.generalturist.com/hr/Putovanja/F1-VN-NJEMACKE-Nurburgring-4-dana-autobusom.aspx,http://www.generalturist.com/hr/Putovanja/F1-VN-NJEMACKE-Nurburgring-4-dana-autobusom.aspx?tabId=raspolozivost&idAranzmanPolazak=8735,http://www.generalturist.com/FotoGalerija/Formati/38645_Mala.JPG,,Formula 1 Großer Preis Santander von Deutschland 2011 (Nürburgring),,,,,,"1.350,00 kn","1.200,00 kn",po osobi,22.07.,,,22.07.,F1 VN Njemačke (Nurburgring),F1 VN Njemačke (Nurburgring),F1 VN Njemačke (Nurburgring),F1 VN Njemačke (Nurburgring),F1 VN Njemačke (Nurburgring),F1 VN Njemačke (Nurburgring),F1 VN Njemačke (Nurburgring),F1 VN Njemačke (Nurburgring)
www.generalturist.com,hrvatski,Aranžmani s prijevozom,Sport,http://www.generalturist.com/hr/Putovanja/Sport.aspx,F1 VN Turske (Istanbul),F1 VN Turske (Istanbul),dvokrevetna soba Hotel 3*,F1 VN Turske (Istanbul),http://www.generalturist.com/hr/Putovanja/F1-VN-TURSKE-Istanbul-4-dana-zrakoplovom-grupni-polazak-.aspx,http://www.generalturist.com/hr/Putovanja/F1-VN-TURSKE-Istanbul-4-dana-zrakoplovom-grupni-polazak-.aspx?tabId=raspolozivost&idAranzmanPolazak=8713,http://www.generalturist.com/FotoGalerija/Formati/2882_Mala_F1-VN-TURSKE-Istanbul-4-dana-zrakoplovom-grupni-po.JPG,,2011 Formula 1 Turkish Grand Prix (Istanbul Park Ulaşim Yollari),,,,,,"3.790,00 kn",,po osobi,06.05.,,,06.05.,F1 VN Turske (Istanbul),F1 VN Turske (Istanbul),F1 VN Turske (Istanbul),F1 VN Turske (Istanbul),F1 VN Turske (Istanbul),F1 VN Turske (Istanbul),F1 VN Turske (Istanbul),F1 VN Turske (Istanbul)
www.generalturist.com,hrvatski,Aranžmani s prijevozom,Sport,http://www.generalturist.com/hr/Putovanja/Sport.aspx,F1 VN Velike Britanije (Silverstone),F1 VN Velike Britanije (Silverstone),dvokrevetna soba Hotel 3*,F1 VN Velike Britanije (Silverstone),http://www.generalturist.com/hr/Putovanja/F1-VN-VELIKE-BRITANIJE-Silverstone-4-dana-zrakoplovom-grupni-polazak-.aspx,http://www.generalturist.com/hr/Putovanja/F1-VN-VELIKE-BRITANIJE-Silverstone-4-dana-zrakoplovom-grupni-polazak-.aspx?tabId=raspolozivost&idAranzmanPolazak=8715,http://www.generalturist.com/FotoGalerija/Formati/2865_Mala_F1-VN-VELIKE-BRITANIJE-Silverstone-4-dana-zrakoplo.JPG,,2011 Formula 1 Santander British Grand Prix (Silverstone Circuit),,,,,,"3.490,00 kn",,po osobi,08.07.,,,08.07.,F1 VN Velike Britanije (Silverstone),F1 VN Velike Britanije (Silverstone),F1 VN Velike Britanije (Silverstone),F1 VN Velike Britanije (Silverstone),F1 VN Velike Britanije (Silverstone),F1 VN Velike Britanije (Silverstone),F1 VN Velike Britanije (Silverstone),F1 VN Velike Britanije (Silverstone)
www.generalturist.com,hrvatski,Aranžmani s prijevozom,Tečajevi stranih jezika,http://www.generalturist.com/packages/putovanja/Destinations.aspx,,,,,,,,,,,,,,,,,,,,,,,,,,,,,
www.generalturist.com,hrvatski,Aranžmani s prijevozom,Bračna putovanja,http://www.generalturist.com/hr/Putovanja/Bracna-putovanja.aspx,Italija-Tunis-Baleari-Španjoska-Francuska,Italija-Tunis-Baleari-Španjoska-Francuska,kabina za 2 unutarnja,Italija-Tunis-Baleari-Španjoska-Francuska,http://www.generalturist.com/hr/Putovanja/Italija-Tunis-Spanjoska-Francuska-Krstarenje-MSC-Splendida.aspx,http://www.generalturist.com/hr/Putovanja/Italija-Tunis-Spanjoska-Francuska-Krstarenje-MSC-Splendida.aspx?tabId=raspolozivost&idAranzmanPolazak=8602,http://www.generalturist.com/FotoGalerija/Formati/38904_Mala.JPG,ija-T,Krstarenje - MSC Splendida,,,,,,"4.650,00 kn",,po osobi,24.04.,19.06.,,24.04.,Italija-Tunis-Baleari-Španjoska-Francuska,Italija-Tunis-Baleari-Španjoska-Francuska,Italija-Tunis-Baleari-Španjoska-Francuska,Italija-Tunis-Baleari-Španjoska-Francuska,Italija-Tunis-Baleari-Španjoska-Francuska,Italija-Tunis-Baleari-Španjoska-Francuska,Italija-Tunis-Baleari-Španjoska-Francuska,Italija-Tunis-Baleari-Španjoska-Francuska
www.generalturist.com,hrvatski,Aranžmani s prijevozom,Bračna putovanja,http://www.generalturist.com/hr/Putovanja/Bracna-putovanja.aspx,Dubai,Dubai,dvokrevetna soba,Dubai,http://www.generalturist.com/hr/Putovanja/Dubai/put-2991-hr.aspx,http://www.generalturist.com/hr/Putovanja/Dubai/put-2991-hr.aspx?tabId=raspolozivost&idAranzmanPolazak=9086,http://www.generalturist.com/FotoGalerija/Formati/38808_Mala.JPG,,,,,,,,"4.390,00 kn",,po osobi,15.03.,20.04.,,15.03.,Dubai,Dubai,Dubai,Dubai,Dubai,Dubai,Dubai,Dubai
www.generalturist.com,hrvatski,Aranžmani s prijevozom,Bračna putovanja,http://www.generalturist.com/hr/Putovanja/Bracna-putovanja.aspx,Velika kineska tura,Velika kineska tura,dvokrevetna soba,Velika kineska tura,http://www.generalturist.com/hr/Putovanja/VELIKA-KINESKA-TURA/put-5732-hr.aspx,http://www.generalturist.com/hr/Putovanja/VELIKA-KINESKA-TURA/put-5732-hr.aspx?tabId=raspolozivost&idAranzmanPolazak=9080,http://www.generalturist.com/FotoGalerija/Formati/38796_Mala.JPG,ika kineska t,,,,,,,"9.490,00 kn",,po osobi,18.03.,29.04.,,18.03.,Velika kineska tura,Velika kineska tura,Velika kineska tura,Velika kineska tura,Velika kineska tura,Velika kineska tura,Velika kineska tura,Velika kineska tura
www.generalturist.com,hrvatski,Aranžmani s prijevozom,Bračna putovanja,http://www.generalturist.com/hr/Putovanja/Bracna-putovanja.aspx,New York,New York,dvokrevetna soba,New York,http://www.generalturist.com/hr/Putovanja/New-York/put-5573-hr.aspx,http://www.generalturist.com/hr/Putovanja/New-York/put-5573-hr.aspx?tabId=raspolozivost&idAranzmanPolazak=9200,http://www.generalturist.com/FotoGalerija/Formati/36042_Mala.JPG,,,,,,,,"6.490,00 kn",,po osobi,31.03.,22.06.,,31.03.,New York,New York,New York,New York,New York,New York,New York,New York
www.generalturist.com,hrvatski,Aranžmani s prijevozom,Bračna putovanja,http://www.generalturist.com/hr/Putovanja/Bracna-putovanja.aspx,Italija-Španjolska-Portugal-Gibraltar,Italija-Španjolska-Portugal-Gibraltar,kabina za 2 unutarnja,Italija-Španjolska-Portugal-Gibraltar,http://www.generalturist.com/hr/Putovanja/Italija-Spanjolska-Portugal-Gibraltar-Krstarenje-MSC-Poesia.aspx,http://www.generalturist.com/hr/Putovanja/Italija-Spanjolska-Portugal-Gibraltar-Krstarenje-MSC-Poesia.aspx?tabId=raspolozivost&idAranzmanPolazak=8711,http://www.generalturist.com/FotoGalerija/Formati/37769_Mala.JPG,ija-Španjolska-Port,Koncert Olivera Dragojevića na brodu MSC Poesia,,,,,,"5.190,00 kn",,po osobi,24.04.,,,24.04.,Italija-Španjolska-Portugal-Gibraltar,Italija-Španjolska-Portugal-Gibraltar,Italija-Španjolska-Portugal-Gibraltar,Italija-Španjolska-Portugal-Gibraltar,Italija-Španjolska-Portugal-Gibraltar,Italija-Španjolska-Portugal-Gibraltar,Italija-Španjolska-Portugal-Gibraltar,Italija-Španjolska-Portugal-Gibraltar
www.generalturist.com,hrvatski,Aranžmani s prijevozom,Bračna putovanja,http://www.generalturist.com/hr/Putovanja/Bracna-putovanja.aspx,Italija-Francuska-Španjolska-Tunis-Malta,Italija-Francuska-Španjolska-Tunis-Malta,kabina za 2 unutarnja,Italija-Francuska-Španjolska-Tunis-Malta,http://www.generalturist.com/hr/Putovanja/Italija-Francuska-Spanjolska-Tunis-Malta-Krstarenje-MSC-Fantasia.aspx,http://www.generalturist.com/hr/Putovanja/Italija-Francuska-Spanjolska-Tunis-Malta-Krstarenje-MSC-Fantasia.aspx?tabId=raspolozivost&idAranzmanPolazak=8854,http://www.generalturist.com/FotoGalerija/Formati/38467_Mala.JPG,ija-Franc,Krstarenje - MSC Fantasia,,,,,,"4.390,00 kn",,po osobi,23.04.,18.06.,,23.04.,Italija-Francuska-Španjolska-Tunis-Malta,Italija-Francuska-Španjolska-Tunis-Malta,Italija-Francuska-Španjolska-Tunis-Malta,Italija-Francuska-Španjolska-Tunis-Malta,Italija-Francuska-Španjolska-Tunis-Malta,Italija-Francuska-Španjolska-Tunis-Malta,Italija-Francuska-Španjolska-Tunis-Malta,Italija-Francuska-Španjolska-Tunis-Malta
www.generalturist.com,hrvatski,Aranžmani s prijevozom,Bračna putovanja,http://www.generalturist.com/hr/Putovanja/Bracna-putovanja.aspx,Italija-Grčka-Ukrajina-Turska,Italija-Grčka-Ukrajina-Turska,kabina za 2 unutarnja,Italija-Grčka-Ukrajina-Turska,http://www.generalturist.com/hr/Putovanja/Italija-Grcka-Ukrajina-Turska-Krstarenje-MSC-Melody.aspx,http://www.generalturist.com/hr/Putovanja/Italija-Grcka-Ukrajina-Turska-Krstarenje-MSC-Melody.aspx?tabId=raspolozivost&idAranzmanPolazak=9314,http://www.generalturist.com/FotoGalerija/Formati/39544_Mala.JPG,ija-Grčka-,Krstarenje - MSC Melody,,,,,,"5.290,00 kn",,po osobi,27.10.,,,27.10.,Italija-Grčka-Ukrajina-Turska,Italija-Grčka-Ukrajina-Turska,Italija-Grčka-Ukrajina-Turska,Italija-Grčka-Ukrajina-Turska,Italija-Grčka-Ukrajina-Turska,Italija-Grčka-Ukrajina-Turska,Italija-Grčka-Ukrajina-Turska,Italija-Grčka-Ukrajina-Turska
www.generalturist.com,hrvatski,Aranžmani s prijevozom,Bračna putovanja,http://www.generalturist.com/hr/Putovanja/Bracna-putovanja.aspx,Italija-Grčka-Turska-Libanon-Cipar-Egipat,Italija-Grčka-Turska-Libanon-Cipar-Egipat,kabina za 4 unutarnja,Italija-Grčka-Turska-Libanon-Cipar-Egipat,http://www.generalturist.com/hr/Putovanja/Italija-Grcka-Turska-Libanon-Cipar-Egipat-Krstarenje-MSC-Orchestra.aspx,http://www.generalturist.com/hr/Putovanja/Italija-Grcka-Turska-Libanon-Cipar-Egipat-Krstarenje-MSC-Orchestra.aspx?tabId=raspolozivost&idAranzmanPolazak=9315,http://www.generalturist.com/FotoGalerija/Formati/39023_Mala.JPG,ija-Grčka-T,Krstarenje - MSC Orchestra,,,,,,"4.990,00 kn",,po osobi,07.11.,,,07.11.,Italija-Grčka-Turska-Libanon-Cipar-Egipat,Italija-Grčka-Turska-Libanon-Cipar-Egipat,Italija-Grčka-Turska-Libanon-Cipar-Egipat,Italija-Grčka-Turska-Libanon-Cipar-Egipat,Italija-Grčka-Turska-Libanon-Cipar-Egipat,Italija-Grčka-Turska-Libanon-Cipar-Egipat,Italija-Grčka-Turska-Libanon-Cipar-Egipat,Italija-Grčka-Turska-Libanon-Cipar-Egipat
www.generalturist.com,hrvatski,Aranžmani s prijevozom,Bračna putovanja,http://www.generalturist.com/hr/Putovanja/Bracna-putovanja.aspx,Italija-Grčka-Egipat-Cipar-Izrael-Hrvatska,Italija-Grčka-Egipat-Cipar-Izrael-Hrvatska,kabina za 2 unutarnja,Italija-Grčka-Egipat-Cipar-Izrael-Hrvatska,http://www.generalturist.com/hr/Putovanja/Italija-Hrvatska-Grcka-Egipat-Cipar-Izrael-Krstarenje-MSC-Magnifica.aspx,http://www.generalturist.com/hr/Putovanja/Italija-Hrvatska-Grcka-Egipat-Cipar-Izrael-Krstarenje-MSC-Magnifica.aspx?tabId=raspolozivost&idAranzmanPolazak=9109,http://www.generalturist.com/FotoGalerija/Formati/38916_Mala.JPG,,Krstarenje - MSC Magnifica,,,,,,"4.590,00 kn",,po osobi,26.11.,,,26.11.,Italija-Grčka-Egipat-Cipar-Izrael-Hrvatska,Italija-Grčka-Egipat-Cipar-Izrael-Hrvatska,Italija-Grčka-Egipat-Cipar-Izrael-Hrvatska,Italija-Grčka-Egipat-Cipar-Izrael-Hrvatska,Italija-Grčka-Egipat-Cipar-Izrael-Hrvatska,Italija-Grčka-Egipat-Cipar-Izrael-Hrvatska,Italija-Grčka-Egipat-Cipar-Izrael-Hrvatska,Italija-Grčka-Egipat-Cipar-Izrael-Hrvatska
www.generalturist.com,hrvatski,Aranžmani s prijevozom,Bračna putovanja,http://www.generalturist.com/hr/Putovanja/Bracna-putovanja.aspx,Hrvatska-Danska-Njemačka-Norveška,Hrvatska-Danska-Njemačka-Norveška,kabina za 2 unutarnja,Hrvatska-Danska-Njemačka-Norveška,http://www.generalturist.com/hr/Putovanja/Hrvatska-Danska-Njemacka-Norveska-Krstarenje-MSC-Orchestra-avion-iz-Zagreba.aspx,http://www.generalturist.com/hr/Putovanja/Hrvatska-Danska-Njemacka-Norveska-Krstarenje-MSC-Orchestra-avion-iz-Zagreba.aspx?tabId=raspolozivost&idAranzmanPolazak=9118,http://www.generalturist.com/FotoGalerija/Formati/39075_Mala.JPG,,Krstarenje MSC Orchestra + avion iz Zagreba,,,,,,"6.990,00 kn",,po osobi,21.05.,,,21.05.,Hrvatska-Danska-Njemačka-Norveška,Hrvatska-Danska-Njemačka-Norveška,Hrvatska-Danska-Njemačka-Norveška,Hrvatska-Danska-Njemačka-Norveška,Hrvatska-Danska-Njemačka-Norveška,Hrvatska-Danska-Njemačka-Norveška,Hrvatska-Danska-Njemačka-Norveška,Hrvatska-Danska-Njemačka-Norveška
www.generalturist.com,hrvatski,Aranžmani s prijevozom,Bračna putovanja,http://www.generalturist.com/hr/Putovanja/Bracna-putovanja.aspx,Malezija,Malezija,dvokrevetna soba,Malezija,http://www.generalturist.com/hr/Putovanja/Malezija.aspx,http://www.generalturist.com/hr/Putovanja/Malezija.aspx?tabId=raspolozivost&idAranzmanPolazak=9119,http://www.generalturist.com/FotoGalerija/Formati/39141_Mala.JPG,,,,,,,,"11.990,00 kn",,po osobi,02.04.,02.06.,.04.,02.04.,Malezija,Malezija,Malezija,Malezija,Malezija,Malezija,Malezija,Malezija
www.generalturist.com,hrvatski,Aranžmani s prijevozom,Bračna putovanja,http://www.generalturist.com/hr/Putovanja/Bracna-putovanja.aspx,Tajland,Tajland,dvokrevetna soba,Tajland,http://www.generalturist.com/hr/Putovanja/Tajland/put-5717-hr.aspx,http://www.generalturist.com/hr/Putovanja/Tajland/put-5717-hr.aspx?tabId=raspolozivost&idAranzmanPolazak=8940,http://www.generalturist.com/FotoGalerija/Formati/38550_Mala.JPG,,,,,,,,"9.990,00 kn","9.490,00 kn",po osobi,19.04.,,,19.04.,Tajland,Tajland,Tajland,Tajland,Tajland,Tajland,Tajland,Tajland
www.generalturist.com,hrvatski,Aranžmani s prijevozom,Bračna putovanja,http://www.generalturist.com/hr/Putovanja/Bracna-putovanja.aspx,Jordan i Sirija,Jordan i Sirija,dvokrevetna soba,Jordan i Sirija,http://www.generalturist.com/hr/Putovanja/Jordan-i-Sirija.aspx,http://www.generalturist.com/hr/Putovanja/Jordan-i-Sirija.aspx?tabId=raspolozivost&idAranzmanPolazak=9311,http://www.generalturist.com/FotoGalerija/Formati/39533_Mala.JPG,,,,,,,,"7.990,00 kn","7.790,00 kn",po osobi,20.04.,21.06.,,20.04.,Jordan i Sirija,Jordan i Sirija,Jordan i Sirija,Jordan i Sirija,Jordan i Sirija,Jordan i Sirija,Jordan i Sirija,Jordan i Sirija
www.generalturist.com,hrvatski,Aranžmani s prijevozom,Bračna putovanja,http://www.generalturist.com/hr/Putovanja/Bracna-putovanja.aspx,Miami & Orlando,Miami & Orlando,dvokrevetna soba,Miami & Orlando,http://www.generalturist.com/hr/Putovanja/Miami-Orlando.aspx,http://www.generalturist.com/hr/Putovanja/Miami-Orlando.aspx?tabId=raspolozivost&idAranzmanPolazak=9129,http://www.generalturist.com/FotoGalerija/Formati/39241_Mala.JPG,,,,,,,,"7.590,00 kn","7.290,00 kn",po osobi,14.05.,,,14.05.,Miami & Orlando,Miami & Orlando,Miami & Orlando,Miami & Orlando,Miami & Orlando,Miami & Orlando,Miami & Orlando,Miami & Orlando
www.generalturist.com,hrvatski,Aranžmani s prijevozom,Bračna putovanja,http://www.generalturist.com/hr/Putovanja/Bracna-putovanja.aspx,Italija-Španjolska-Maroko-Kanarski otoci-Madeira,Italija-Španjolska-Maroko-Kanarski otoci-Madeira,"kabina za 2 + 2 dodatna ležaja unutarnja, kat. I1-I2",Italija-Španjolska-Maroko-Kanarski otoci-Madeira,http://www.generalturist.com/hr/Putovanja/Italija-Spanjolska-Maroko-Tenerife-Madeira-Costa-Serena.aspx,http://www.generalturist.com/hr/Putovanja/Italija-Spanjolska-Maroko-Tenerife-Madeira-Costa-Serena.aspx?tabId=raspolozivost&idAranzmanPolazak=8746,http://www.generalturist.com/FotoGalerija/Formati/37263_Mala.JPG,,Costa Concordia,,,,,,"3.560,00 kn","2.730,00 kn",po osobi,15.03.,26.03.,,15.03.,Italija-Španjolska-Maroko-Kanarski otoci-Madeira,Italija-Španjolska-Maroko-Kanarski otoci-Madeira,Italija-Španjolska-Maroko-Kanarski otoci-Madeira,Italija-Španjolska-Maroko-Kanarski otoci-Madeira,Italija-Španjolska-Maroko-Kanarski otoci-Madeira,Italija-Španjolska-Maroko-Kanarski otoci-Madeira,Italija-Španjolska-Maroko-Kanarski otoci-Madeira,Italija-Španjolska-Maroko-Kanarski otoci-Madeira
www.generalturist.com,hrvatski,Aranžmani s prijevozom,Bračna putovanja,http://www.generalturist.com/hr/Putovanja/Bracna-putovanja.aspx,Italija-Grčka-Izral- Turska,Italija-Grčka-Izral- Turska,"kabina za 2 + 2 dodatna ležaja unutarnja, kat.I1-I2",Italija-Grčka-Izral- Turska,http://www.generalturist.com/hr/Putovanja/Italija-Grcka-Turska-Izrael-Egipat-Krstarenje-Costa-Pacifica.aspx,http://www.generalturist.com/hr/Putovanja/Italija-Grcka-Turska-Izrael-Egipat-Krstarenje-Costa-Pacifica.aspx?tabId=raspolozivost&idAranzmanPolazak=9092,http://www.generalturist.com/FotoGalerija/Formati/37407_Mala.JPG,ija-Grčka-Izral- T,Krstarenje - Costa Pacifica,,,,,,"4.880,00 kn","3.690,00 kn",po osobi,03.03.,14.03.,,03.03.,Italija-Grčka-Izral- Turska,Italija-Grčka-Izral- Turska,Italija-Grčka-Izral- Turska,Italija-Grčka-Izral- Turska,Italija-Grčka-Izral- Turska,Italija-Grčka-Izral- Turska,Italija-Grčka-Izral- Turska,Italija-Grčka-Izral- Turska
www.generalturist.com,hrvatski,Aranžmani s prijevozom,Bračna putovanja,http://www.generalturist.com/hr/Putovanja/Bracna-putovanja.aspx,Italija-Španjolska-Francuska,Italija-Španjolska-Francuska,"kabina za 2 + 2 dodatna ležaja unutarnja, kat. I1-I3",Italija-Španjolska-Francuska,http://www.generalturist.com/hr/Putovanja/Italija-Tunis-Spanjolska-Francuska-Krstarenje-Costa-Magica.aspx,http://www.generalturist.com/hr/Putovanja/Italija-Tunis-Spanjolska-Francuska-Krstarenje-Costa-Magica.aspx?tabId=raspolozivost&idAranzmanPolazak=9291,http://www.generalturist.com/FotoGalerija/Formati/37394_Mala.JPG,ija-Španjolska-Franc,Krstarenje - Costa Magica,,,,,,"2.360,00 kn",,po osobi,22.04.,29.04.,,22.04.,Italija-Španjolska-Francuska,Italija-Španjolska-Francuska,Italija-Španjolska-Francuska,Italija-Španjolska-Francuska,Italija-Španjolska-Francuska,Italija-Španjolska-Francuska,Italija-Španjolska-Francuska,Italija-Španjolska-Francuska
www.generalturist.com,hrvatski,Aranžmani s prijevozom,Bračna putovanja,http://www.generalturist.com/hr/Putovanja/Bracna-putovanja.aspx,SAD - Aljaska - Kanada,SAD - Aljaska - Kanada,kabina za 2 unutarnja,SAD - Aljaska - Kanada,http://www.generalturist.com/hr/Putovanja/SAD-Aljaska-Kanada-Krstarenje-Rhapsody-of-the-Seas.aspx,http://www.generalturist.com/hr/Putovanja/SAD-Aljaska-Kanada-Krstarenje-Rhapsody-of-the-Seas.aspx?tabId=raspolozivost&idAranzmanPolazak=9302,http://www.generalturist.com/FotoGalerija/Formati/39417_Mala.JPG,,Krstarenje - Rhapsody of the Seas,,,,,,"15.690,00 kn","15.290,00 kn",po osobi,16.06.,,,16.06.,SAD - Aljaska - Kanada,SAD - Aljaska - Kanada,SAD - Aljaska - Kanada,SAD - Aljaska - Kanada,SAD - Aljaska - Kanada,SAD - Aljaska - Kanada,SAD - Aljaska - Kanada,SAD - Aljaska - Kanada
www.generalturist.com,hrvatski,Aranžmani s prijevozom,Bračna putovanja,http://www.generalturist.com/hr/Putovanja/Bracna-putovanja.aspx,Florida-Bahami-St.Thomas-St.Marteen,Florida-Bahami-St.Thomas-St.Marteen,kabina za 2 unutarnja,Florida-Bahami-St.Thomas-St.Marteen,http://www.generalturist.com/hr/Putovanja/Florida-Bahami-St-Thomas-St-Marteen-Krstarenje-Oasis-of-the-Seas/put-5795-hr.aspx,http://www.generalturist.com/hr/Putovanja/Florida-Bahami-St-Thomas-St-Marteen-Krstarenje-Oasis-of-the-Seas/put-5795-hr.aspx?tabId=raspolozivost&idAranzmanPolazak=9304,http://www.generalturist.com/FotoGalerija/Formati/39447_Mala.JPG,,Krstarenje - Oasis of the Seas,,,,,,"11.990,00 kn","11.590,00 kn",po osobi,19.10.,,,19.10.,Florida-Bahami-St.Thomas-St.Marteen,Florida-Bahami-St.Thomas-St.Marteen,Florida-Bahami-St.Thomas-St.Marteen,Florida-Bahami-St.Thomas-St.Marteen,Florida-Bahami-St.Thomas-St.Marteen,Florida-Bahami-St.Thomas-St.Marteen,Florida-Bahami-St.Thomas-St.Marteen,Florida-Bahami-St.Thomas-St.Marteen
www.generalturist.com,hrvatski,Aranžmani s prijevozom,Bračna putovanja,http://www.generalturist.com/hr/Putovanja/Bracna-putovanja.aspx,Italija-Španjolska-Portugal-Gibraltar,Italija-Španjolska-Portugal-Gibraltar,kabina za 2 + 2 dodatna ležaja unutarnja,Italija-Španjolska-Portugal-Gibraltar,http://www.generalturist.com/hr/Putovanja/Italija-Spanjolska-Portugal-Gibraltar-Krstarenje-MSC-Poesia/put-5798-hr.aspx,http://www.generalturist.com/hr/Putovanja/Italija-Spanjolska-Portugal-Gibraltar-Krstarenje-MSC-Poesia/put-5798-hr.aspx?tabId=raspolozivost&idAranzmanPolazak=9305,http://www.generalturist.com/FotoGalerija/Formati/39464_Mala.JPG,ija-Španjolska-Port,Krstarenje - MSC Poesia,,,,,,"3.450,00 kn",,po osobi,23.03.,31.03.,,23.03.,Italija-Španjolska-Portugal-Gibraltar,Italija-Španjolska-Portugal-Gibraltar,Italija-Španjolska-Portugal-Gibraltar,Italija-Španjolska-Portugal-Gibraltar,Italija-Španjolska-Portugal-Gibraltar,Italija-Španjolska-Portugal-Gibraltar,Italija-Španjolska-Portugal-Gibraltar,Italija-Španjolska-Portugal-Gibraltar
www.generalturist.com,hrvatski,Aranžmani s prijevozom,Bračna putovanja,http://www.generalturist.com/hr/Putovanja/Bracna-putovanja.aspx,Italija-Grčka-Hrvatska,Italija-Grčka-Hrvatska,kabina za 2 + 2 dodatna ležaja unutarnja,Italija-Grčka-Hrvatska,http://www.generalturist.com/hr/Putovanja/Italija-Grcka-Egipat-Hrvatska-Krstarenje-MSC-Magnifica/put-5799-hr.aspx,http://www.generalturist.com/hr/Putovanja/Italija-Grcka-Egipat-Hrvatska-Krstarenje-MSC-Magnifica/put-5799-hr.aspx?tabId=raspolozivost&idAranzmanPolazak=9307,http://www.generalturist.com/FotoGalerija/Formati/39489_Mala.JPG,,Krstarenje - MSC Magnifica,,,,,,"3.375,00 kn",,po osobi,28.02.,08.03.,.,28.02.,Italija-Grčka-Hrvatska,Italija-Grčka-Hrvatska,Italija-Grčka-Hrvatska,Italija-Grčka-Hrvatska,Italija-Grčka-Hrvatska,Italija-Grčka-Hrvatska,Italija-Grčka-Hrvatska,Italija-Grčka-Hrvatska
www.generalturist.com,hrvatski,Aranžmani s prijevozom,Bračna putovanja,http://www.generalturist.com/hr/Putovanja/Bracna-putovanja.aspx,Italija-Grčka-Egipat,Italija-Grčka-Egipat,kabina za 2 + 2 dodatna ležaja unutarnja,Italija-Grčka-Egipat,http://www.generalturist.com/hr/Putovanja/Italija-Grcka-Egipat-Krstarenje-MSC-Splendida.aspx,http://www.generalturist.com/hr/Putovanja/Italija-Grcka-Egipat-Krstarenje-MSC-Splendida.aspx?tabId=raspolozivost&idAranzmanPolazak=9309,http://www.generalturist.com/FotoGalerija/Formati/39512_Mala.JPG,,Krstarenje - MSC Splendida,,,,,,"3.675,00 kn",,po osobi,28.02.,,.,28.02.,Italija-Grčka-Egipat,Italija-Grčka-Egipat,Italija-Grčka-Egipat,Italija-Grčka-Egipat,Italija-Grčka-Egipat,Italija-Grčka-Egipat,Italija-Grčka-Egipat,Italija-Grčka-Egipat
www.generalturist.com,hrvatski,Aranžmani s prijevozom,Bračna putovanja,http://www.generalturist.com/hr/Putovanja/Bracna-putovanja.aspx,Italija-Španjolska-Francuska,Italija-Španjolska-Francuska,"kabina za 2 + 2 dodatna ležaja unutarnja, kat. I1-I2",Italija-Španjolska-Francuska,http://www.generalturist.com/hr/Putovanja/Italija-Spanjolska-Francuska-Krstarenje-Costa-Serena.aspx,http://www.generalturist.com/hr/Putovanja/Italija-Spanjolska-Francuska-Krstarenje-Costa-Serena.aspx?tabId=raspolozivost&idAranzmanPolazak=9420,http://www.generalturist.com/FotoGalerija/Formati/39632_Mala.JPG,ija-Španjolska-Franc,Krstarenje - Costa Serena,,,,,,"2.950,00 kn",,po osobi,03.04.,10.04.,,03.04.,Italija-Španjolska-Francuska,Italija-Španjolska-Francuska,Italija-Španjolska-Francuska,Italija-Španjolska-Francuska,Italija-Španjolska-Francuska,Italija-Španjolska-Francuska,Italija-Španjolska-Francuska,Italija-Španjolska-Francuska
www.generalturist.com,hrvatski,Aranžmani s prijevozom,Skijanje - paketi s prijevozom,http://www.generalturist.com/hr/Putovanja/Skijanje-paketi-s-prijevozom.aspx,Les 2 Alpes bus paket 25.3.-2.4.2011.,Les 2 Alpes bus paket 25.3.-2.4.2011.,studio za 4 Les Residences,Les 2 Alpes bus paket 25.3.-2.4.2011.,http://www.generalturist.com/hr/Putovanja/Les-2-Alpes-bus-paket-25-3-2-4-2011.aspx,http://www.generalturist.com/hr/Putovanja/Les-2-Alpes-bus-paket-25-3-2-4-2011.aspx?tabId=raspolozivost&idAranzmanPolazak=8589,http://www.generalturist.com/FotoGalerija/Formati/37259_Mala_Les-2-Alpes-bus-paket-20-2832009.JPG,es 2 Alpes b,,,,,,,"2.830,00 kn",,po osobi,25.03.,,,25.03.,Les 2 Alpes bus paket 25.3.-2.4.2011.,Les 2 Alpes bus paket 25.3.-2.4.2011.,Les 2 Alpes bus paket 25.3.-2.4.2011.,Les 2 Alpes bus paket 25.3.-2.4.2011.,Les 2 Alpes bus paket 25.3.-2.4.2011.,Les 2 Alpes bus paket 25.3.-2.4.2011.,Les 2 Alpes bus paket 25.3.-2.4.2011.,Les 2 Alpes bus paket 25.3.-2.4.2011.
www.generalturist.com,hrvatski,Aranžmani s prijevozom,Skijanje - paketi s prijevozom,http://www.generalturist.com/hr/Putovanja/Skijanje-paketi-s-prijevozom.aspx,Les 2 Alpes bus paket 25.3.-2.4.2011.,Les 2 Alpes bus paket 25.3.-2.4.2011.,apartman za 6 Les Residences,Les 2 Alpes bus paket 25.3.-2.4.2011.,http://www.generalturist.com/hr/Putovanja/Les-2-Alpes-bus-paket-25-3-2-4-2011.aspx,http://www.generalturist.com/hr/Putovanja/Les-2-Alpes-bus-paket-25-3-2-4-2011.aspx?tabId=raspolozivost&idAranzmanPolazak=8589,http://www.generalturist.com/FotoGalerija/Formati/37259_Mala_Les-2-Alpes-bus-paket-20-2832009.JPG,es 2 Alpes b,,,,,,,"2.870,00 kn",,po osobi,25.03.,,,25.03.,Les 2 Alpes bus paket 25.3.-2.4.2011.,Les 2 Alpes bus paket 25.3.-2.4.2011.,Les 2 Alpes bus paket 25.3.-2.4.2011.,Les 2 Alpes bus paket 25.3.-2.4.2011.,Les 2 Alpes bus paket 25.3.-2.4.2011.,Les 2 Alpes bus paket 25.3.-2.4.2011.,Les 2 Alpes bus paket 25.3.-2.4.2011.,Les 2 Alpes bus paket 25.3.-2.4.2011.
www.generalturist.com,hrvatski,Aranžmani s prijevozom,Wellness - paketi s prijevozom,http://www.generalturist.com/hr/Putovanja/Wellness.aspx,Aktivni odmor za umirovljenike u Rogaškoj,Aktivni odmor za umirovljenike u Rogaškoj,dvokrevetna soba Hotel Zagreb****,Aktivni odmor za umirovljenike u Rogaškoj,http://www.generalturist.com/hr/Putovanja/Aktivni-odmor-za-umirovljenike-u-Rogaskoj.aspx,http://www.generalturist.com/hr/Putovanja/Aktivni-odmor-za-umirovljenike-u-Rogaskoj.aspx?tabId=raspolozivost&idAranzmanPolazak=9127,http://www.generalturist.com/FotoGalerija/Formati/39232_Mala.JPG,jenike,,,,,,,"2.800,00 kn",,po osobi,06.03.,13.03.,,06.03.,Aktivni odmor za umirovljenike u Rogaškoj,Aktivni odmor za umirovljenike u Rogaškoj,Aktivni odmor za umirovljenike u Rogaškoj,Aktivni odmor za umirovljenike u Rogaškoj,Aktivni odmor za umirovljenike u Rogaškoj,Aktivni odmor za umirovljenike u Rogaškoj,Aktivni odmor za umirovljenike u Rogaškoj,Aktivni odmor za umirovljenike u Rogaškoj
www.generalturist.com,hrvatski,Aranžmani s prijevozom,Wellness - paketi s prijevozom,http://www.generalturist.com/hr/Putovanja/Wellness.aspx,U Terme Dobrna autobusom,U Terme Dobrna autobusom,dvokrevetna soba,U Terme Dobrna autobusom,http://www.generalturist.com/hr/Putovanja/U-Terme-Dobrna-autobusom.aspx,http://www.generalturist.com/hr/Putovanja/U-Terme-Dobrna-autobusom.aspx?tabId=raspolozivost&idAranzmanPolazak=9413,http://www.generalturist.com/FotoGalerija/Formati/39587_Mala.JPG,,,,,,,,"1.045,00 kn",,po osobi,17.03.,,,17.03.,U Terme Dobrna autobusom,U Terme Dobrna autobusom,U Terme Dobrna autobusom,U Terme Dobrna autobusom,U Terme Dobrna autobusom,U Terme Dobrna autobusom,U Terme Dobrna autobusom,U Terme Dobrna autobusom
www.generalturist.com,hrvatski,Aranžmani s prijevozom,Zabavni parkovi,http://www.generalturist.com/hr/Putovanja/Zabavni-parkovi.aspx,Pariz za djecu i mlade,Pariz za djecu i mlade,dvokrevetna soba,Pariz za djecu i mlade,http://www.generalturist.com/hr/Putovanja/Pariz-za-djecu-i-mlade-Disneyland-Paris-i-Parc-Asterix.aspx,http://www.generalturist.com/hr/Putovanja/Pariz-za-djecu-i-mlade-Disneyland-Paris-i-Parc-Asterix.aspx?tabId=raspolozivost&idAranzmanPolazak=8818,http://www.generalturist.com/FotoGalerija/Formati/38051_Mala.JPG,,"Disneyland Paris, Musee Grevin i Parc Asterix",Musee Grevin i Parc Asterix,,,,,"3.590,00 kn",,po osobi,14.04.,19.05.,,14.04.,Pariz za djecu i mlade,Pariz za djecu i mlade,Pariz za djecu i mlade,Pariz za djecu i mlade,Pariz za djecu i mlade,Pariz za djecu i mlade,Pariz za djecu i mlade,Pariz za djecu i mlade
www.generalturist.com,hrvatski,Aranžmani s prijevozom,Zabavni parkovi,http://www.generalturist.com/hr/Putovanja/Zabavni-parkovi.aspx,London za djecu i mlade,London za djecu i mlade,dvokrevetna soba Hotel 3*,London za djecu i mlade,http://www.generalturist.com/hr/Putovanja/London-za-djecu-i-mlade-Sea-Life-Aquarium-London-Eye-Madame-Tussauds-Muzej-znanosti-Prirodoslovni-muzej-London-Dungeon-Greenwich-Nacionalni-pomorski-muzej-i-HMS-Belfast.aspx,http://www.generalturist.com/hr/Putovanja/London-za-djecu-i-mlade-Sea-Life-Aquarium-London-Eye-Madame-Tussauds-Muzej-znanosti-Prirodoslovni-muzej-London-Dungeon-Greenwich-Nacionalni-pomorski-muzej-i-HMS-Belfast.aspx?tabId=raspolozivost&idAranzmanPolazak=8838,http://www.generalturist.com/FotoGalerija/Formati/38291_Mala.JPG,ondon za djec,"Sea Life Aquarium, London Eye, Madame Tussauds, Muzej znanosti, Prirodoslovni muzej, London Dungeon, Greenwich, Nacionalni pomorski muzej i HMS Belfast","London Eye, Madame Tussauds, Muzej znanosti, Prirodoslovni muzej, London Dungeon, Greenwich, Nacionalni pomorski muzej i HMS Belfast","London Eye, Madame Tussauds, Muzej znanosti, Prirodoslovni muzej, London Dungeon, Greenwich, Nacionalni pomorski muzej i HMS","London Eye, Madame Tussauds, Muzej znanosti, Prirodoslovni muzej, London Dungeon, Greenwich, Nacionalni pomorski muzej i HMS","London Eye, Madame Tussauds, Muzej znanosti, Prirodoslovni muzej, London Dungeon, Greenwich, Nacionalni pomorski muzej i HMS","London Eye, Madame Tussauds, Muzej znanosti, Prirodoslovni muzej, London Dungeon, Greenwich, Nacionalni pomorski muzej i HMS","3.590,00 kn","3.390,00 kn",po osobi,28.04.,19.05.,,28.04.,London za djecu i mlade,London za djecu i mlade,London za djecu i mlade,London za djecu i mlade,London za djecu i mlade,London za djecu i mlade,London za djecu i mlade,London za djecu i mlade
www.generalturist.com,hrvatski,Aranžmani s prijevozom,Zabavni parkovi,http://www.generalturist.com/hr/Putovanja/Zabavni-parkovi.aspx,Barcelona za djecu i mlade,Barcelona za djecu i mlade,dvokrevetna soba Hotel 3*,Barcelona za djecu i mlade,http://www.generalturist.com/hr/Putovanja/Barcelona-Port-Aventura-Park-Aquopolis-Costa-Daurada-i-Aquarium-4-dana-zrakoplovom.aspx,http://www.generalturist.com/hr/Putovanja/Barcelona-Port-Aventura-Park-Aquopolis-Costa-Daurada-i-Aquarium-4-dana-zrakoplovom.aspx?tabId=raspolozivost&idAranzmanPolazak=8824,http://www.generalturist.com/FotoGalerija/Formati/38097_Mala.JPG,ona za djec,"Port Aventura Park, Aquopolis Costa Daurada i Aquarium Barcelona",Aquopolis Costa Daurada i Aquarium Barcelona,Aquopolis Costa Daurada i Aquarium,Aquopolis Costa Daurada i Aquarium,Aquopolis Costa Daurada i Aquarium,Aquopolis Costa Daurada i Aquarium,"3.390,00 kn","3.190,00 kn",po osobi,26.05.,23.06.,,26.05.,Barcelona za djecu i mlade,Barcelona za djecu i mlade,Barcelona za djecu i mlade,Barcelona za djecu i mlade,Barcelona za djecu i mlade,Barcelona za djecu i mlade,Barcelona za djecu i mlade,Barcelona za djecu i mlade
www.generalturist.com,hrvatski,Aranžmani s prijevozom,Zabavni parkovi,http://www.generalturist.com/hr/Putovanja/Zabavni-parkovi.aspx,Londonska avantura,Londonska avantura,dvokrevetna soba Hotel 3*,Londonska avantura,http://www.generalturist.com/hr/Putovanja/London-Thorpe-Park-Paradise-Wildlife-Park-Legoland-Windsor-4-dana-zrakoplovom.aspx,http://www.generalturist.com/hr/Putovanja/London-Thorpe-Park-Paradise-Wildlife-Park-Legoland-Windsor-4-dana-zrakoplovom.aspx?tabId=raspolozivost&idAranzmanPolazak=8830,http://www.generalturist.com/FotoGalerija/Formati/37854_Mala.JPG,ondonska avant,Thorpe Park & Paradise Wildlife Park & Legoland Windsor,,,,,,"3.690,00 kn","3.490,00 kn",po osobi,14.07.,12.08.,,14.07.,Londonska avantura,Londonska avantura,Londonska avantura,Londonska avantura,Londonska avantura,Londonska avantura,Londonska avantura,Londonska avantura
www.generalturist.com,hrvatski,Aranžmani s prijevozom,Zabavni parkovi,http://www.generalturist.com/hr/Putovanja/Zabavni-parkovi.aspx,Pariz za djecu i mlade,Pariz za djecu i mlade,dvokrevetna soba,Pariz za djecu i mlade,http://www.generalturist.com/hr/Putovanja/Pariz-Disneyland-Asterix-6-dana-autobusom.aspx,http://www.generalturist.com/hr/Putovanja/Pariz-Disneyland-Asterix-6-dana-autobusom.aspx?tabId=raspolozivost&idAranzmanPolazak=8782,http://www.generalturist.com/FotoGalerija/Formati/34172_Mala.JPG,,Disneyland Paris i Parc Asterix,,,,,,"2.990,00 kn","2.890,00 kn",po osobi,26.04.,21.06.,,26.04.,Pariz za djecu i mlade,Pariz za djecu i mlade,Pariz za djecu i mlade,Pariz za djecu i mlade,Pariz za djecu i mlade,Pariz za djecu i mlade,Pariz za djecu i mlade,Pariz za djecu i mlade
www.generalturist.com,hrvatski,Aranžmani s prijevozom,Zabavni parkovi,http://www.generalturist.com/hr/Putovanja/Zabavni-parkovi.aspx,Budimpešta za djecu i mlade,Budimpešta za djecu i mlade,dvokrevetna soba Hotel 4*,Budimpešta za djecu i mlade,http://www.generalturist.com/hr/Putovanja/Budimpesta-za-djecu-i-mlade-Tropicarium-Zooloski-vrt-Aquaworld-i-Labirint.aspx,http://www.generalturist.com/hr/Putovanja/Budimpesta-za-djecu-i-mlade-Tropicarium-Zooloski-vrt-Aquaworld-i-Labirint.aspx?tabId=raspolozivost&idAranzmanPolazak=8788,http://www.generalturist.com/FotoGalerija/Formati/37967_Mala.JPG,,"Memento Park, Tropicarium, Zoološki vrt, Aquaworld, Labirint i Dječja željeznica","Tropicarium, Zoološki vrt, Aquaworld, Labirint i Dječja željeznica","Tropicarium, Zoološki vrt, Aquaworld, La","Tropicarium, Zoološki vrt, Aquaworld, La","Tropicarium, Zoološki vrt, Aquaworld, La","Tropicarium, Zoološki vrt, Aquaworld, La","750,00 kn",,po osobi,01.04.,06.05.,,01.04.,Budimpešta za djecu i mlade,Budimpešta za djecu i mlade,Budimpešta za djecu i mlade,Budimpešta za djecu i mlade,Budimpešta za djecu i mlade,Budimpešta za djecu i mlade,Budimpešta za djecu i mlade,Budimpešta za djecu i mlade
www.generalturist.com,hrvatski,Aranžmani s prijevozom,Zabavni parkovi,http://www.generalturist.com/hr/Putovanja/Zabavni-parkovi.aspx,Budimpešta za djecu i mlade,Budimpešta za djecu i mlade,dvokrevetna soba Hotel 4*,Budimpešta za djecu i mlade,http://www.generalturist.com/hr/Putovanja/Budimpesta-za-djecu-i-mlade-Tropicarium-i-Aquaworld.aspx,http://www.generalturist.com/hr/Putovanja/Budimpesta-za-djecu-i-mlade-Tropicarium-i-Aquaworld.aspx?tabId=raspolozivost&idAranzmanPolazak=8797,http://www.generalturist.com/FotoGalerija/Formati/38018_Mala.JPG,,"Memento Park, Tropicarium i Aquaworld",Tropicarium i Aquaworld,,,,,"550,00 kn",,po osobi,02.04.,07.05.,.04.,02.04.,Budimpešta za djecu i mlade,Budimpešta za djecu i mlade,Budimpešta za djecu i mlade,Budimpešta za djecu i mlade,Budimpešta za djecu i mlade,Budimpešta za djecu i mlade,Budimpešta za djecu i mlade,Budimpešta za djecu i mlade
www.generalturist.com,hrvatski,Aranžmani s prijevozom,Zabavni parkovi,http://www.generalturist.com/hr/Putovanja/Zabavni-parkovi.aspx,Beč za djecu i mlade,Beč za djecu i mlade,dvokrevetna soba Hotel 3*,Beč za djecu i mlade,http://www.generalturist.com/hr/Putovanja/Bec-za-djecu-i-mlade-Zooloski-vrt-Schonbrunn-Aqua-Terra-Zoo-Morska-kuca-Wiener-Riesenrad-Prater-i-Familypark-Neusiedlersee.aspx,http://www.generalturist.com/hr/Putovanja/Bec-za-djecu-i-mlade-Zooloski-vrt-Schonbrunn-Aqua-Terra-Zoo-Morska-kuca-Wiener-Riesenrad-Prater-i-Familypark-Neusiedlersee.aspx?tabId=raspolozivost&idAranzmanPolazak=8957,http://www.generalturist.com/FotoGalerija/Formati/38613_Mala.JPG,,"Dječji muzej i zoološki vrt «Schönbrunn», Aqua Terra Zoo «Morska kuća», Wiener Riesenrad Prater i Familypark Neusiedlersee","Aqua Terra Zoo «Morska kuća», Wiener Riesenrad Prater i Familypark Neusiedlersee",,,,,"990,00 kn",,po osobi,08.04.,13.05.,,08.04.,Beč za djecu i mlade,Beč za djecu i mlade,Beč za djecu i mlade,Beč za djecu i mlade,Beč za djecu i mlade,Beč za djecu i mlade,Beč za djecu i mlade,Beč za djecu i mlade
www.generalturist.com,hrvatski,Aranžmani s prijevozom,Zabavni parkovi,http://www.generalturist.com/hr/Putovanja/Zabavni-parkovi.aspx,Beč za djecu i mlade,Beč za djecu i mlade,dvokrevetna soba Hotel 3*,Beč za djecu i mlade,http://www.generalturist.com/hr/Putovanja/Bec-za-djecu-i-mlade-Djecji-muzej-Zooloski-vrt-Schonbrunn-i-Familypark-Neusiedlersee.aspx,http://www.generalturist.com/hr/Putovanja/Bec-za-djecu-i-mlade-Djecji-muzej-Zooloski-vrt-Schonbrunn-i-Familypark-Neusiedlersee.aspx?tabId=raspolozivost&idAranzmanPolazak=8949,http://www.generalturist.com/FotoGalerija/Formati/38576_Mala.JPG,,"Dječji muzej, Zoološki vrt «Schönbrunn» i Familypark Neusiedlersee",Zoološki vrt «Schönbrunn» i Familypark Neusiedlersee,Zoološki vrt «Schön,Zoološki vrt «Schön,Zoološki vrt «Schön,Zoološki vrt «Schön,"650,00 kn",,po osobi,09.04.,14.05.,,09.04.,Beč za djecu i mlade,Beč za djecu i mlade,Beč za djecu i mlade,Beč za djecu i mlade,Beč za djecu i mlade,Beč za djecu i mlade,Beč za djecu i mlade,Beč za djecu i mlade
www.generalturist.com,hrvatski,Aranžmani s prijevozom,Zabavni parkovi,http://www.generalturist.com/hr/Putovanja/Zabavni-parkovi.aspx,Legoland Njemačka i Minimundus,Legoland Njemačka i Minimundus,dvokrevetna soba Hotel 3*,Legoland Njemačka i Minimundus,http://www.generalturist.com/hr/Putovanja/Legoland-i-Minimundus-3-dana-autobusom.aspx,http://www.generalturist.com/hr/Putovanja/Legoland-i-Minimundus-3-dana-autobusom.aspx?tabId=raspolozivost&idAranzmanPolazak=8764,http://www.generalturist.com/FotoGalerija/Formati/34009_Mala.JPG,egoland Njemačka i Minim,"Muzej igračaka München, Legoland Deutschland, Minimundus Klagenfurt i Reptilien Zoo Happ Klagenfurt","Legoland Deutschland, Minimundus Klagenfurt i Reptilien Zoo Happ Klagenfurt",,,,,"1.150,00 kn",,po osobi,15.04.,20.05.,,15.04.,Legoland Njemačka i Minimundus,Legoland Njemačka i Minimundus,Legoland Njemačka i Minimundus,Legoland Njemačka i Minimundus,Legoland Njemačka i Minimundus,Legoland Njemačka i Minimundus,Legoland Njemačka i Minimundus,Legoland Njemačka i Minimundus
www.generalturist.com,hrvatski,Aranžmani s prijevozom,Zabavni parkovi,http://www.generalturist.com/hr/Putovanja/Zabavni-parkovi.aspx,Legoland Njemačka i Minimundus,Legoland Njemačka i Minimundus,dvokrevetna soba Hotel 3*,Legoland Njemačka i Minimundus,http://www.generalturist.com/hr/Putovanja/Legoland-Njemacka-i-Minimundus-2-dana-autobusom--Minimundus-Klagenfurt-i-Legoland-Deutschland.aspx,http://www.generalturist.com/hr/Putovanja/Legoland-Njemacka-i-Minimundus-2-dana-autobusom--Minimundus-Klagenfurt-i-Legoland-Deutschland.aspx?tabId=raspolozivost&idAranzmanPolazak=8770,http://www.generalturist.com/FotoGalerija/Formati/37941_Mala.JPG,egoland Njemačka i Minim,Minimundus Klagenfurt i Legoland Deutschland,,,,,,"850,00 kn",,po osobi,16.04.,21.05.,,16.04.,Legoland Njemačka i Minimundus,Legoland Njemačka i Minimundus,Legoland Njemačka i Minimundus,Legoland Njemačka i Minimundus,Legoland Njemačka i Minimundus,Legoland Njemačka i Minimundus,Legoland Njemačka i Minimundus,Legoland Njemačka i Minimundus
www.generalturist.com,hrvatski,Aranžmani s prijevozom,Zabavni parkovi,http://www.generalturist.com/hr/Putovanja/Zabavni-parkovi.aspx,Mirabilandia i Italia in Miniatura,Mirabilandia i Italia in Miniatura,dvokrevetna soba Hotel 3*,Mirabilandia i Italia in Miniatura,http://www.generalturist.com/hr/Putovanja/Mirabilandia-i-Italia-in-Miniatura-3-dana-autobusom.aspx,http://www.generalturist.com/hr/Putovanja/Mirabilandia-i-Italia-in-Miniatura-3-dana-autobusom.aspx?tabId=raspolozivost&idAranzmanPolazak=8932,http://www.generalturist.com/FotoGalerija/Formati/34034_Mala.JPG,andia i Italia in Miniat,,,,,,,"950,00 kn",,po osobi,06.05.,17.06.,,06.05.,Mirabilandia i Italia in Miniatura,Mirabilandia i Italia in Miniatura,Mirabilandia i Italia in Miniatura,Mirabilandia i Italia in Miniatura,Mirabilandia i Italia in Miniatura,Mirabilandia i Italia in Miniatura,Mirabilandia i Italia in Miniatura,Mirabilandia i Italia in Miniatura
www.generalturist.com,hrvatski,Aranžmani s prijevozom,Zabavni parkovi,http://www.generalturist.com/hr/Putovanja/Zabavni-parkovi.aspx,Gardaland i Parco Natura Viva,Gardaland i Parco Natura Viva,dvokrevetna soba + 1 dodatni ležaj Hotel 3*,Gardaland i Parco Natura Viva,http://www.generalturist.com/hr/Putovanja/Gardaland-Safari-park-2-dana-autobusom.aspx,http://www.generalturist.com/hr/Putovanja/Gardaland-Safari-park-2-dana-autobusom.aspx?tabId=raspolozivost&idAranzmanPolazak=8914,http://www.generalturist.com/FotoGalerija/Formati/34127_Mala.JPG,and i Parco Nat,,,,,,,"690,00 kn",,po osobi,09.04.,30.04.,,09.04.,Gardaland i Parco Natura Viva,Gardaland i Parco Natura Viva,Gardaland i Parco Natura Viva,Gardaland i Parco Natura Viva,Gardaland i Parco Natura Viva,Gardaland i Parco Natura Viva,Gardaland i Parco Natura Viva,Gardaland i Parco Natura Viva
www.generalturist.com,hrvatski,Aranžmani s prijevozom,Zabavni parkovi,http://www.generalturist.com/hr/Putovanja/Zabavni-parkovi.aspx,Noćni Gardaland i Parco Natura Viva,Noćni Gardaland i Parco Natura Viva,dvokrevetna soba + 1 dodatni ležaj Hotel 3*,Noćni Gardaland i Parco Natura Viva,http://www.generalturist.com/hr/Putovanja/Nocni-Gardaland-i-Parco-Natura-Viva.aspx,http://www.generalturist.com/hr/Putovanja/Nocni-Gardaland-i-Parco-Natura-Viva.aspx?tabId=raspolozivost&idAranzmanPolazak=8928,http://www.generalturist.com/FotoGalerija/Formati/38512_Mala.JPG,and i Parco Nat,,,,,,,"650,00 kn",,po osobi,22.06.,16.07.,,22.06.,Noćni Gardaland i Parco Natura Viva,Noćni Gardaland i Parco Natura Viva,Noćni Gardaland i Parco Natura Viva,Noćni Gardaland i Parco Natura Viva,Noćni Gardaland i Parco Natura Viva,Noćni Gardaland i Parco Natura Viva,Noćni Gardaland i Parco Natura Viva,Noćni Gardaland i Parco Natura Viva
www.generalturist.com,hrvatski,Aranžmani s prijevozom,Zabavni parkovi,http://www.generalturist.com/hr/Putovanja/Zabavni-parkovi.aspx,Gardaland - adrenalinska avantura,Gardaland - adrenalinska avantura,dvokrevetna soba + 1 dodatni ležaj Hotel 3*,Gardaland - adrenalinska avantura,http://www.generalturist.com/hr/Putovanja/Gardaland-Safari-park-i-Canevaworld-3-dana-autobusom.aspx,http://www.generalturist.com/hr/Putovanja/Gardaland-Safari-park-i-Canevaworld-3-dana-autobusom.aspx?tabId=raspolozivost&idAranzmanPolazak=9412,http://www.generalturist.com/FotoGalerija/Formati/34126_Mala.JPG,and - adrenalinska avant,"Park Jungle Adventure, Parco Natura Viva, Canevaworld (Movieland studios, Aquastudios*) i Gardaland","Parco Natura Viva, Canevaworld (Movieland studios, Aquastudios*) i Gardaland",,,,,"990,00 kn",,po osobi,29.04.,20.05.,,29.04.,Gardaland - adrenalinska avantura,Gardaland - adrenalinska avantura,Gardaland - adrenalinska avantura,Gardaland - adrenalinska avantura,Gardaland - adrenalinska avantura,Gardaland - adrenalinska avantura,Gardaland - adrenalinska avantura,Gardaland - adrenalinska avantura
www.generalturist.com,hrvatski,Aranžmani s prijevozom,Zabavni parkovi,http://www.generalturist.com/hr/Putovanja/Zabavni-parkovi.aspx,Orlando,Orlando,dvokrevetna soba,Orlando,http://www.generalturist.com/hr/Putovanja/Orlando-Universal-Studios-SeaWorld-Premium-Outlets-Cape-Carneval-i-Disney-s-Hollywood-Studios.aspx,http://www.generalturist.com/hr/Putovanja/Orlando-Universal-Studios-SeaWorld-Premium-Outlets-Cape-Carneval-i-Disney-s-Hollywood-Studios.aspx?tabId=raspolozivost&idAranzmanPolazak=9416,http://www.generalturist.com/FotoGalerija/Formati/39630_Mala.JPG,,"Universal Studios, SeaWorld, Premium Outlets, Cape Carneval i Disney’s Hollywood Studios","SeaWorld, Premium Outlets, Cape Carneval i Disney’s Hollywood Studios",,,,,"8.990,00 kn",,po osobi,18.06.,27.08.,,18.06.,Orlando,Orlando,Orlando,Orlando,Orlando,Orlando,Orlando,Orlando

